{"properties":{"connectionReferences":{"shared_commondataserviceforapps":{"runtimeSource":"embedded","connection":{"connectionReferenceLogicalName":"d2d_PowerAutomateServicePrincipalConnectionReference"},"api":{"name":"shared_commondataserviceforapps"}}},"definition":{"$schema":"https://schema.management.azure.com/providers/Microsoft.Logic/schemas/2016-06-01/workflowdefinition.json#","contentVersion":"1.0.0.0","parameters":{"$connections":{"defaultValue":{},"type":"Object"},"$authentication":{"defaultValue":{},"type":"SecureObject"}},"triggers":{"manual":{"type":"Request","kind":"Button","inputs":{"schema":{"type":"object","properties":{"text":{"title":"Import Batch","type":"string","x-ms-dynamically-added":true,"description":"Please enter the Import Batch to roll back","x-ms-content-hint":"TEXT"}},"required":["text"]}}}},"actions":{"List_Project_Approvals":{"runAfter":{},"type":"OpenApiConnection","inputs":{"host":{"connectionName":"shared_commondataserviceforapps","operationId":"ListRecords","apiId":"/providers/Microsoft.PowerApps/apis/shared_commondataserviceforapps"},"parameters":{"entityName":"msdyn_projectapprovals","$select":"d2d_importbatch,_msdyn_timeentry_value,msdyn_recordstage,msdyn_projectapprovalid","$filter":"d2d_importbatch eq '@{triggerBody()['text']}' and msdyn_recordstage eq 2"},"authentication":{"type":"Raw","value":"@json(decodeBase64(triggerOutputs().headers['X-MS-APIM-Tokens']))['$ConnectionKey']"}},"description":"msdyn_recordstage eq approved","runtimeConfiguration":{"paginationPolicy":{"minimumItemCount":100000}}},"Apply_to_each_-_Relisted_PAs":{"foreach":"@outputs('List_Project_Approvals_again_after_failed_actions')?['body/value']","actions":{"Main_logic_2":{"actions":{"Get_Project_Approval_2":{"runAfter":{},"type":"OpenApiConnection","inputs":{"host":{"connectionName":"shared_commondataserviceforapps","operationId":"GetItem","apiId":"/providers/Microsoft.PowerApps/apis/shared_commondataserviceforapps"},"parameters":{"entityName":"msdyn_projectapprovals","recordId":"@items('Apply_to_each_-_Relisted_PAs')?['msdyn_projectapprovalid']"},"authentication":{"type":"Raw","value":"@json(decodeBase64(triggerOutputs().headers['X-MS-APIM-Tokens']))['$ConnectionKey']"}}},"Get_Time_Entry_2":{"runAfter":{"Get_Project_Approval_2":["Succeeded"]},"type":"OpenApiConnection","inputs":{"host":{"connectionName":"shared_commondataserviceforapps","operationId":"GetItem","apiId":"/providers/Microsoft.PowerApps/apis/shared_commondataserviceforapps"},"parameters":{"entityName":"msdyn_timeentries","recordId":"@outputs('Get_Project_Approval_2')?['body/_msdyn_timeentry_value']"},"authentication":{"type":"Raw","value":"@json(decodeBase64(triggerOutputs().headers['X-MS-APIM-Tokens']))['$ConnectionKey']"}}},"Perform_an_unbound_action_and_recall_time_entries_2":{"runAfter":{"Get_Time_Entry_2":["Succeeded"]},"type":"OpenApiConnection","inputs":{"host":{"connectionName":"shared_commondataserviceforapps","operationId":"PerformUnboundAction","apiId":"/providers/Microsoft.PowerApps/apis/shared_commondataserviceforapps"},"parameters":{"actionName":"msdyn_TimeEntriesRecall","item/CorrelationId":"@outputs('Get_Time_Entry_2')?['body/msdyn_timeentryid']","item/TimeEntryIds":"@outputs('Get_Time_Entry_2')?['body/msdyn_timeentryid']","item/Notes":"Time Entry recall.","item/IsRecallingApprovedAllowed":true},"authentication":{"type":"Raw","value":"@json(decodeBase64(triggerOutputs().headers['X-MS-APIM-Tokens']))['$ConnectionKey']"}}},"Perform_an_unbound_action__and_approve_time_entry_recall_2":{"runAfter":{"Perform_an_unbound_action_and_recall_time_entries_2":["Succeeded","Failed","Skipped"]},"type":"OpenApiConnection","inputs":{"host":{"connectionName":"shared_commondataserviceforapps","operationId":"PerformUnboundAction","apiId":"/providers/Microsoft.PowerApps/apis/shared_commondataserviceforapps"},"parameters":{"actionName":"msdyn_TimeEntriesApprove","item/CorrelationId":"@outputs('Get_Time_Entry_2')?['body/msdyn_timeentryid']","item/TimeEntryIds":"@outputs('Get_Time_Entry_2')?['body/msdyn_timeentryid']"},"authentication":{"type":"Raw","value":"@json(decodeBase64(triggerOutputs().headers['X-MS-APIM-Tokens']))['$ConnectionKey']"}}},"Delete_a_Time_Entry_record_2":{"runAfter":{"Perform_an_unbound_action__and_approve_time_entry_recall_2":["Succeeded","Failed","Skipped"]},"type":"OpenApiConnection","inputs":{"host":{"connectionName":"shared_commondataserviceforapps","operationId":"DeleteRecord","apiId":"/providers/Microsoft.PowerApps/apis/shared_commondataserviceforapps"},"parameters":{"entityName":"msdyn_timeentries","recordId":"@outputs('Get_Time_Entry_2')?['body/msdyn_timeentryid']"},"authentication":{"type":"Raw","value":"@json(decodeBase64(triggerOutputs().headers['X-MS-APIM-Tokens']))['$ConnectionKey']"}}}},"runAfter":{},"type":"Scope"}},"runAfter":{"List_Project_Approvals_again_after_failed_actions":["Succeeded"]},"type":"Foreach","runtimeConfiguration":{"concurrency":{"repetitions":15}}},"Apply_to_each_-_Listed_PAs":{"foreach":"@outputs('List_Project_Approvals')?['body/value']","actions":{"Main_logic":{"actions":{"Get_Project_Approval":{"runAfter":{},"type":"OpenApiConnection","inputs":{"host":{"connectionName":"shared_commondataserviceforapps","operationId":"GetItem","apiId":"/providers/Microsoft.PowerApps/apis/shared_commondataserviceforapps"},"parameters":{"entityName":"msdyn_projectapprovals","recordId":"@items('Apply_to_each_-_Listed_PAs')?['msdyn_projectapprovalid']"},"authentication":{"type":"Raw","value":"@json(decodeBase64(triggerOutputs().headers['X-MS-APIM-Tokens']))['$ConnectionKey']"}}},"Get_Time_Entry":{"runAfter":{"Get_Project_Approval":["Succeeded"]},"type":"OpenApiConnection","inputs":{"host":{"connectionName":"shared_commondataserviceforapps","operationId":"GetItem","apiId":"/providers/Microsoft.PowerApps/apis/shared_commondataserviceforapps"},"parameters":{"entityName":"msdyn_timeentries","recordId":"@outputs('Get_Project_Approval')?['body/_msdyn_timeentry_value']"},"authentication":{"type":"Raw","value":"@json(decodeBase64(triggerOutputs().headers['X-MS-APIM-Tokens']))['$ConnectionKey']"}}},"Perform_an_unbound_action_and_recall_time_entries":{"runAfter":{"Get_Time_Entry":["Succeeded"]},"type":"OpenApiConnection","inputs":{"host":{"connectionName":"shared_commondataserviceforapps","operationId":"PerformUnboundAction","apiId":"/providers/Microsoft.PowerApps/apis/shared_commondataserviceforapps"},"parameters":{"actionName":"msdyn_TimeEntriesRecall","item/CorrelationId":"@outputs('Get_Time_Entry')?['body/msdyn_timeentryid']","item/TimeEntryIds":"@outputs('Get_Time_Entry')?['body/msdyn_timeentryid']","item/Notes":"Time Entry recall.","item/IsRecallingApprovedAllowed":true},"authentication":{"type":"Raw","value":"@json(decodeBase64(triggerOutputs().headers['X-MS-APIM-Tokens']))['$ConnectionKey']"}}},"Perform_an_unbound_action__and_approve_time_entry_recall":{"runAfter":{"Perform_an_unbound_action_and_recall_time_entries":["Succeeded","Failed"]},"type":"OpenApiConnection","inputs":{"host":{"connectionName":"shared_commondataserviceforapps","operationId":"PerformUnboundAction","apiId":"/providers/Microsoft.PowerApps/apis/shared_commondataserviceforapps"},"parameters":{"actionName":"msdyn_TimeEntriesApprove","item/CorrelationId":"@outputs('Get_Time_Entry')?['body/msdyn_timeentryid']","item/TimeEntryIds":"@outputs('Get_Time_Entry')?['body/msdyn_timeentryid']"},"authentication":{"type":"Raw","value":"@json(decodeBase64(triggerOutputs().headers['X-MS-APIM-Tokens']))['$ConnectionKey']"}}},"Delete_a_Time_Entry_record":{"runAfter":{"Perform_an_unbound_action__and_approve_time_entry_recall":["Succeeded","Failed"]},"type":"OpenApiConnection","inputs":{"host":{"connectionName":"shared_commondataserviceforapps","operationId":"DeleteRecord","apiId":"/providers/Microsoft.PowerApps/apis/shared_commondataserviceforapps"},"parameters":{"entityName":"msdyn_timeentries","recordId":"@outputs('Get_Time_Entry')?['body/msdyn_timeentryid']"},"authentication":{"type":"Raw","value":"@json(decodeBase64(triggerOutputs().headers['X-MS-APIM-Tokens']))['$ConnectionKey']"}}}},"runAfter":{},"type":"Scope"}},"runAfter":{"Does_List_Project_Approvals_return_a_value":["Succeeded"]},"type":"Foreach","runtimeConfiguration":{"concurrency":{"repetitions":15}}},"List_Project_Approvals_again_after_failed_actions":{"runAfter":{"Apply_to_each_-_Listed_PAs":["Failed"]},"type":"OpenApiConnection","inputs":{"host":{"connectionName":"shared_commondataserviceforapps","operationId":"ListRecords","apiId":"/providers/Microsoft.PowerApps/apis/shared_commondataserviceforapps"},"parameters":{"entityName":"msdyn_projectapprovals","$select":"d2d_importbatch,_msdyn_timeentry_value,msdyn_recordstage,msdyn_projectapprovalid","$filter":"d2d_importbatch eq '@{triggerBody()['text']}' and (msdyn_recordstage eq 2 or msdyn_recordstage eq 4)"},"authentication":{"type":"Raw","value":"@json(decodeBase64(triggerOutputs().headers['X-MS-APIM-Tokens']))['$ConnectionKey']"}},"runtimeConfiguration":{"paginationPolicy":{"minimumItemCount":100000}}},"List_Time_Entries_after_failed_actions":{"runAfter":{"Apply_to_each_-_Listed_PAs":["Failed"]},"type":"OpenApiConnection","inputs":{"host":{"connectionName":"shared_commondataserviceforapps","operationId":"ListRecords","apiId":"/providers/Microsoft.PowerApps/apis/shared_commondataserviceforapps"},"parameters":{"entityName":"msdyn_timeentries","$filter":"d2d_importbatch eq '@{triggerBody()['text']}' and (msdyn_entrystatus eq 192350000 or msdyn_entrystatus eq 192350001)"},"authentication":{"type":"Raw","value":"@json(decodeBase64(triggerOutputs().headers['X-MS-APIM-Tokens']))['$ConnectionKey']"}},"description":"msdyn_entrystatus eq draft or returned"},"Apply_to_each_-__Listed_TEs_after_failed_actions":{"foreach":"@outputs('List_Time_Entries_after_failed_actions')?['body/value']","actions":{"Get_Time_Entry_from_list_TE_records":{"runAfter":{},"type":"OpenApiConnection","inputs":{"host":{"connectionName":"shared_commondataserviceforapps","operationId":"GetItem","apiId":"/providers/Microsoft.PowerApps/apis/shared_commondataserviceforapps"},"parameters":{"entityName":"msdyn_timeentries","recordId":"@items('Apply_to_each_-__Listed_TEs_after_failed_actions')?['msdyn_timeentryid']"},"authentication":{"type":"Raw","value":"@json(decodeBase64(triggerOutputs().headers['X-MS-APIM-Tokens']))['$ConnectionKey']"}}},"Reattempt_to_delete_a_Time_Entry_record":{"runAfter":{"Get_Time_Entry_from_list_TE_records":["Succeeded"]},"type":"OpenApiConnection","inputs":{"host":{"connectionName":"shared_commondataserviceforapps","operationId":"DeleteRecord","apiId":"/providers/Microsoft.PowerApps/apis/shared_commondataserviceforapps"},"parameters":{"entityName":"msdyn_timeentries","recordId":"@outputs('Get_Time_Entry_from_list_TE_records')?['body/msdyn_timeentryid']"},"authentication":{"type":"Raw","value":"@json(decodeBase64(triggerOutputs().headers['X-MS-APIM-Tokens']))['$ConnectionKey']"}}}},"runAfter":{"List_Time_Entries_after_failed_actions":["Succeeded"]},"type":"Foreach"},"Does_List_Project_Approvals_return_a_value":{"actions":{},"runAfter":{"List_Project_Approvals":["Succeeded"]},"else":{"actions":{"List_returned_Time_Entries":{"runAfter":{},"type":"OpenApiConnection","inputs":{"host":{"connectionName":"shared_commondataserviceforapps","operationId":"ListRecords","apiId":"/providers/Microsoft.PowerApps/apis/shared_commondataserviceforapps"},"parameters":{"entityName":"msdyn_timeentries","$filter":"d2d_importbatch eq '@{triggerBody()['text']}' and msdyn_entrystatus eq 192350001"},"authentication":{"type":"Raw","value":"@json(decodeBase64(triggerOutputs().headers['X-MS-APIM-Tokens']))['$ConnectionKey']"}},"description":"msdyn_entrystatus eq returned"},"Apply_to_each_-__Listed_TEs":{"foreach":"@outputs('List_returned_Time_Entries')?['body/value']","actions":{"Get_Time_Entry_from_list_returned_TE_records":{"runAfter":{},"type":"OpenApiConnection","inputs":{"host":{"connectionName":"shared_commondataserviceforapps","operationId":"GetItem","apiId":"/providers/Microsoft.PowerApps/apis/shared_commondataserviceforapps"},"parameters":{"entityName":"msdyn_timeentries","recordId":"@items('Apply_to_each_-__Listed_TEs')?['msdyn_timeentryid']"},"authentication":{"type":"Raw","value":"@json(decodeBase64(triggerOutputs().headers['X-MS-APIM-Tokens']))['$ConnectionKey']"}}},"Delete_a_returned_Time_Entry_record":{"runAfter":{"Get_Time_Entry_from_list_returned_TE_records":["Succeeded"]},"type":"OpenApiConnection","inputs":{"host":{"connectionName":"shared_commondataserviceforapps","operationId":"DeleteRecord","apiId":"/providers/Microsoft.PowerApps/apis/shared_commondataserviceforapps"},"parameters":{"entityName":"msdyn_timeentries","recordId":"@outputs('Get_Time_Entry_from_list_returned_TE_records')?['body/msdyn_timeentryid']"},"authentication":{"type":"Raw","value":"@json(decodeBase64(triggerOutputs().headers['X-MS-APIM-Tokens']))['$ConnectionKey']"}}}},"runAfter":{"List_returned_Time_Entries":["Succeeded"]},"type":"Foreach"},"Terminate":{"runAfter":{"Apply_to_each_-__Listed_TEs":["Succeeded"]},"type":"Terminate","inputs":{"runStatus":"Succeeded"}}}},"expression":{"not":{"equals":["@empty(outputs('List_Project_Approvals')?['body/value'])","@true"]}},"type":"If","description":"empty(outputs('List_Project_Approvals')?['body/value'])"}},"outputs":{}}},"schemaVersion":"1.0.0.0"}