{"properties":{"connectionReferences":{"shared_commondataserviceforapps":{"runtimeSource":"embedded","connection":{"connectionReferenceLogicalName":"d2d_PowerAutomateServicePrincipalConnectionReference"},"api":{"name":"shared_commondataserviceforapps"}}},"definition":{"$schema":"https://schema.management.azure.com/providers/Microsoft.Logic/schemas/2016-06-01/workflowdefinition.json#","contentVersion":"1.0.0.0","parameters":{"$connections":{"defaultValue":{},"type":"Object"},"$authentication":{"defaultValue":{},"type":"SecureObject"}},"triggers":{"manual":{"type":"Request","kind":"Button","inputs":{"schema":{"type":"object","properties":{"text":{"title":"Import Batch","type":"string","x-ms-dynamically-added":true,"description":"Enter Import Batch","x-ms-content-hint":"TEXT"},"boolean":{"title":"Yes/No","type":"boolean","x-ms-dynamically-added":true,"description":"Include returned time entries for this batch","x-ms-content-hint":"BOOLEAN"}},"required":["text","boolean"]}}}},"actions":{"Include_returned_time_entries_in_this_batch":{"actions":{"Scope_on_Yes_side":{"actions":{"List_Draft_and_Returned_Time_Entries":{"runAfter":{},"type":"OpenApiConnection","inputs":{"host":{"connectionName":"shared_commondataserviceforapps","operationId":"ListRecords","apiId":"/providers/Microsoft.PowerApps/apis/shared_commondataserviceforapps"},"parameters":{"entityName":"msdyn_timeentries","$select":"d2d_fromtimeentryimport,d2d_importbatch,msdyn_timeentryid,msdyn_entrystatus","$filter":"(msdyn_entrystatus eq 192350000 or msdyn_entrystatus eq 192350001) and d2d_importbatch eq '@{triggerBody()['text']}'"},"authentication":{"type":"Raw","value":"@json(decodeBase64(triggerOutputs().headers['X-MS-APIM-Tokens']))['$ConnectionKey']"}},"runtimeConfiguration":{"paginationPolicy":{"minimumItemCount":100000}}},"Apply_to_each":{"foreach":"@outputs('List_Draft_and_Returned_Time_Entries')?['body/value']","actions":{"Update_Time_Entry_to_Submitted":{"runAfter":{},"type":"OpenApiConnection","inputs":{"host":{"connectionName":"shared_commondataserviceforapps","operationId":"UpdateRecord","apiId":"/providers/Microsoft.PowerApps/apis/shared_commondataserviceforapps"},"parameters":{"entityName":"msdyn_timeentries","recordId":"@items('Apply_to_each')?['msdyn_timeentryid']","item/msdyn_entrystatus":192350003},"authentication":{"type":"Raw","value":"@json(decodeBase64(triggerOutputs().headers['X-MS-APIM-Tokens']))['$ConnectionKey']"}}},"Update_Time_Entry_to_Approved":{"runAfter":{"Update_Time_Entry_to_Submitted":["Succeeded"]},"type":"OpenApiConnection","inputs":{"host":{"connectionName":"shared_commondataserviceforapps","operationId":"UpdateRecord","apiId":"/providers/Microsoft.PowerApps/apis/shared_commondataserviceforapps"},"parameters":{"entityName":"msdyn_timeentries","recordId":"@items('Apply_to_each')?['msdyn_timeentryid']","item/msdyn_entrystatus":192350002,"item/msdyn_targetentrystatus":"@null"},"authentication":{"type":"Raw","value":"@json(decodeBase64(triggerOutputs().headers['X-MS-APIM-Tokens']))['$ConnectionKey']"}}},"List_Project_Approvals":{"runAfter":{"Update_Time_Entry_to_Approved":["Succeeded"]},"type":"OpenApiConnection","inputs":{"host":{"connectionName":"shared_commondataserviceforapps","operationId":"ListRecords","apiId":"/providers/Microsoft.PowerApps/apis/shared_commondataserviceforapps"},"parameters":{"entityName":"msdyn_projectapprovals","$select":"msdyn_projectapprovalid,_msdyn_timeentry_value","$filter":"_msdyn_timeentry_value eq @{items('Apply_to_each')?['msdyn_timeentryid']}"},"authentication":{"type":"Raw","value":"@json(decodeBase64(triggerOutputs().headers['X-MS-APIM-Tokens']))['$ConnectionKey']"}}},"Get_a_Project_Approval_record":{"runAfter":{"List_Project_Approvals":["Succeeded"]},"type":"OpenApiConnection","inputs":{"host":{"connectionName":"shared_commondataserviceforapps","operationId":"GetItem","apiId":"/providers/Microsoft.PowerApps/apis/shared_commondataserviceforapps"},"parameters":{"entityName":"msdyn_projectapprovals","recordId":"@first(body('List_Project_Approvals')?['value'])?['msdyn_projectapprovalid']","$select":"_msdyn_approvedby_value,msdyn_projectapprovalid","$expand":"msdyn_ApprovedBy($select=systemuserid)"},"authentication":{"type":"Raw","value":"@json(decodeBase64(triggerOutputs().headers['X-MS-APIM-Tokens']))['$ConnectionKey']"}}},"Update_Project_Approval":{"runAfter":{"Get_a_Project_Approval_record":["Succeeded"]},"type":"OpenApiConnection","inputs":{"host":{"connectionName":"shared_commondataserviceforapps","operationId":"UpdateRecord","apiId":"/providers/Microsoft.PowerApps/apis/shared_commondataserviceforapps"},"parameters":{"entityName":"msdyn_projectapprovals","recordId":"@outputs('Get_a_Project_Approval_record')?['body/msdyn_projectapprovalid']","item/d2d_importbatch":"@triggerBody()['text']"},"authentication":{"type":"Raw","value":"@json(decodeBase64(triggerOutputs().headers['X-MS-APIM-Tokens']))['$ConnectionKey']"}}}},"runAfter":{"List_Draft_and_Returned_Time_Entries":["Succeeded"]},"type":"Foreach","runtimeConfiguration":{"concurrency":{"repetitions":20}}}},"runAfter":{},"type":"Scope"}},"runAfter":{},"else":{"actions":{"Scope_on_No_side":{"actions":{"List_Draft_Time_Entries":{"runAfter":{},"type":"OpenApiConnection","inputs":{"host":{"connectionName":"shared_commondataserviceforapps","operationId":"ListRecords","apiId":"/providers/Microsoft.PowerApps/apis/shared_commondataserviceforapps"},"parameters":{"entityName":"msdyn_timeentries","$select":"d2d_fromtimeentryimport,d2d_importbatch,msdyn_timeentryid,msdyn_entrystatus","$filter":"msdyn_entrystatus eq 192350000 and d2d_importbatch eq '@{triggerBody()['text']}'"},"authentication":{"type":"Raw","value":"@json(decodeBase64(triggerOutputs().headers['X-MS-APIM-Tokens']))['$ConnectionKey']"}},"runtimeConfiguration":{"paginationPolicy":{"minimumItemCount":100000}}},"Apply_to_each_2":{"foreach":"@outputs('List_Draft_Time_Entries')?['body/value']","actions":{"Update_Time_Entry_to_Submitted_2":{"runAfter":{},"type":"OpenApiConnection","inputs":{"host":{"connectionName":"shared_commondataserviceforapps","operationId":"UpdateRecord","apiId":"/providers/Microsoft.PowerApps/apis/shared_commondataserviceforapps"},"parameters":{"entityName":"msdyn_timeentries","recordId":"@items('Apply_to_each_2')?['msdyn_timeentryid']","item/msdyn_entrystatus":192350003},"authentication":{"type":"Raw","value":"@json(decodeBase64(triggerOutputs().headers['X-MS-APIM-Tokens']))['$ConnectionKey']"}}},"Update_Time_Entry_to_Approved_2":{"runAfter":{"Update_Time_Entry_to_Submitted_2":["Succeeded"]},"type":"OpenApiConnection","inputs":{"host":{"connectionName":"shared_commondataserviceforapps","operationId":"UpdateRecord","apiId":"/providers/Microsoft.PowerApps/apis/shared_commondataserviceforapps"},"parameters":{"entityName":"msdyn_timeentries","recordId":"@items('Apply_to_each_2')?['msdyn_timeentryid']","item/msdyn_entrystatus":192350002,"item/msdyn_targetentrystatus":"@null"},"authentication":{"type":"Raw","value":"@json(decodeBase64(triggerOutputs().headers['X-MS-APIM-Tokens']))['$ConnectionKey']"}}},"List_Project_Approvals_2":{"runAfter":{"Update_Time_Entry_to_Approved_2":["Succeeded"]},"type":"OpenApiConnection","inputs":{"host":{"connectionName":"shared_commondataserviceforapps","operationId":"ListRecords","apiId":"/providers/Microsoft.PowerApps/apis/shared_commondataserviceforapps"},"parameters":{"entityName":"msdyn_projectapprovals","$select":"msdyn_projectapprovalid,_msdyn_timeentry_value","$filter":"_msdyn_timeentry_value eq @{items('Apply_to_each_2')?['msdyn_timeentryid']}"},"authentication":{"type":"Raw","value":"@json(decodeBase64(triggerOutputs().headers['X-MS-APIM-Tokens']))['$ConnectionKey']"}}},"Get_a_Project_Approval_record_2":{"runAfter":{"List_Project_Approvals_2":["Succeeded"]},"type":"OpenApiConnection","inputs":{"host":{"connectionName":"shared_commondataserviceforapps","operationId":"GetItem","apiId":"/providers/Microsoft.PowerApps/apis/shared_commondataserviceforapps"},"parameters":{"entityName":"msdyn_projectapprovals","recordId":"@first(body('List_Project_Approvals_2')?['value'])?['msdyn_projectapprovalid']","$select":"_msdyn_approvedby_value,msdyn_projectapprovalid","$expand":"msdyn_ApprovedBy($select=systemuserid)"},"authentication":{"type":"Raw","value":"@json(decodeBase64(triggerOutputs().headers['X-MS-APIM-Tokens']))['$ConnectionKey']"}},"description":"first(body('List_Project_Approvals_2')?['value'])?['msdyn_projectapprovalid']"},"Update_Project_Approval_2":{"runAfter":{"Get_a_Project_Approval_record_2":["Succeeded"]},"type":"OpenApiConnection","inputs":{"host":{"connectionName":"shared_commondataserviceforapps","operationId":"UpdateRecord","apiId":"/providers/Microsoft.PowerApps/apis/shared_commondataserviceforapps"},"parameters":{"entityName":"msdyn_projectapprovals","recordId":"@outputs('Get_a_Project_Approval_record_2')?['body/msdyn_projectapprovalid']","item/d2d_importbatch":"@triggerBody()['text']"},"authentication":{"type":"Raw","value":"@json(decodeBase64(triggerOutputs().headers['X-MS-APIM-Tokens']))['$ConnectionKey']"}}}},"runAfter":{"List_Draft_Time_Entries":["Succeeded"]},"type":"Foreach","runtimeConfiguration":{"concurrency":{"repetitions":20}}}},"runAfter":{},"type":"Scope"}}},"expression":{"equals":["@triggerBody()['boolean']","@true"]},"type":"If"}},"outputs":{}}},"schemaVersion":"1.0.0.0"}