{
  "properties": {
    "connectionReferences": {
      "shared_commondataserviceforapps": {
        "runtimeSource": "embedded",
        "connection": {
          "connectionReferenceLogicalName": "d2d_sharedcommondataserviceforapps_715f2"
        },
        "api": {
          "name": "shared_commondataserviceforapps"
        }
      },
      "shared_commondataservice": {
        "runtimeSource": "embedded",
        "connection": {
          "connectionReferenceLogicalName": "d2d_sharedcommondataservice_adaee"
        },
        "api": {
          "name": "shared_commondataservice"
        }
      }
    },
    "definition": {
      "$schema": "https://schema.management.azure.com/providers/Microsoft.Logic/schemas/2016-06-01/workflowdefinition.json#",
      "contentVersion": "1.0.0.0",
      "parameters": {
        "$connections": {
          "defaultValue": {},
          "type": "Object"
        },
        "$authentication": {
          "defaultValue": {},
          "type": "SecureObject"
        },
        "Destination Environment For Migration (d2d_DestinationEnvironmentForMigration)": {
          "defaultValue": "https://org4f6e49c3.crm3.dynamics.com/",
          "type": "String",
          "metadata": {
            "schemaName": "d2d_DestinationEnvironmentForMigration"
          }
        }
      },
      "triggers": {
        "manual": {
          "metadata": {
            "operationMetadataId": "83168fa9-08bc-4b74-a53e-77cfa40d3b57"
          },
          "type": "Request",
          "kind": "Button",
          "inputs": {
            "schema": {
              "type": "object",
              "properties": {
                "text": {
                  "title": "Project's GUID",
                  "type": "string",
                  "x-ms-dynamically-added": true,
                  "description": "Please enter your input",
                  "x-ms-content-hint": "TEXT"
                }
              },
              "required": [
                "text"
              ]
            }
          }
        }
      },
      "actions": {
        "Project": {
          "runAfter": {},
          "metadata": {
            "operationMetadataId": "13f98230-b5f5-47fc-86c0-1b6e7aeb36f7"
          },
          "type": "Compose",
          "inputs": "@triggerBody()['text']"
        },
        "Get_Project": {
          "runAfter": {
            "Project": [
              "Succeeded"
            ]
          },
          "metadata": {
            "operationMetadataId": "e8971367-1584-47e8-aeba-40a6761c8254"
          },
          "type": "OpenApiConnection",
          "inputs": {
            "host": {
              "connectionName": "shared_commondataserviceforapps",
              "operationId": "GetItem",
              "apiId": "/providers/Microsoft.PowerApps/apis/shared_commondataserviceforapps"
            },
            "parameters": {
              "entityName": "msdyn_projects",
              "recordId": "@outputs('Project')",
              "$expand": "msdyn_workhourtemplate($select=msdyn_name),msdyn_ContractOrganizationalUnitId($select=msdyn_name)"
            },
            "authentication": {
              "type": "Raw",
              "value": "@json(decodeBase64(triggerOutputs().headers['X-MS-APIM-Tokens']))['$ConnectionKey']"
            }
          }
        },
        "List_Project_Tasks": {
          "runAfter": {
            "Get_systemuser": [
              "Succeeded"
            ]
          },
          "metadata": {
            "operationMetadataId": "67110415-be7c-4741-8de6-061e457dd640"
          },
          "type": "OpenApiConnection",
          "inputs": {
            "host": {
              "connectionName": "shared_commondataserviceforapps",
              "operationId": "ListRecords",
              "apiId": "/providers/Microsoft.PowerApps/apis/shared_commondataserviceforapps"
            },
            "parameters": {
              "entityName": "msdyn_projecttasks",
              "$filter": "_msdyn_project_value eq '@{outputs('Get_Project')?['body/msdyn_projectid']}'",
              "$expand": "msdyn_project($select=msdyn_subject)"
            },
            "authentication": {
              "type": "Raw",
              "value": "@json(decodeBase64(triggerOutputs().headers['X-MS-APIM-Tokens']))['$ConnectionKey']"
            }
          }
        },
        "Add_a_new_Project_Staging_row_in_ProjOps": {
          "runAfter": {
            "List_Resource_Assignment": [
              "Succeeded"
            ]
          },
          "metadata": {
            "operationMetadataId": "b3456a70-eb9f-417c-a0ac-05b26157f480"
          },
          "type": "OpenApiConnection",
          "inputs": {
            "host": {
              "connectionName": "shared_commondataservice",
              "operationId": "PostItem_V2",
              "apiId": "/providers/Microsoft.PowerApps/apis/shared_commondataservice"
            },
            "parameters": {
              "dataset": "@parameters('Destination Environment For Migration (d2d_DestinationEnvironmentForMigration)')",
              "table": "d2d_projectstagings",
              "item/d2d_calendartemplate": "@outputs('Get_Project')?['body/msdyn_workhourtemplate/msdyn_name']",
              "item/d2d_estimatedstartdate": "@outputs('Get_Project')?['body/msdyn_scheduledstart']",
              "item/d2d_name": "@outputs('Get_Project')?['body/msdyn_subject']",
              "item/d2d_organizationalunit": "@outputs('Get_Project')?['body/msdyn_contractorganizationalunitid/msdyn_name']",
              "item/d2d_projectcreatedinprojectoperations": false,
              "item/d2d_projectmanager": "@outputs('Get_systemuser')?['body/fullname']",
              "item/d2d_schedulemode": "@outputs('Get_Project')?['body/msdyn_schedulemode']",
              "item/_ownerid_type": ""
            },
            "authentication": {
              "type": "Raw",
              "value": "@json(decodeBase64(triggerOutputs().headers['X-MS-APIM-Tokens']))['$ConnectionKey']"
            }
          }
        },
        "Get_systemuser": {
          "runAfter": {
            "Get_Project": [
              "Succeeded"
            ]
          },
          "metadata": {
            "operationMetadataId": "77baa52b-c18c-4aa7-8f82-d6d51d3eeff9"
          },
          "type": "OpenApiConnection",
          "inputs": {
            "host": {
              "connectionName": "shared_commondataserviceforapps",
              "operationId": "GetItem",
              "apiId": "/providers/Microsoft.PowerApps/apis/shared_commondataserviceforapps"
            },
            "parameters": {
              "entityName": "systemusers",
              "recordId": "@outputs('Get_Project')?['body/_msdyn_projectmanager_value']"
            },
            "authentication": {
              "type": "Raw",
              "value": "@json(decodeBase64(triggerOutputs().headers['X-MS-APIM-Tokens']))['$ConnectionKey']"
            }
          }
        },
        "Apply_to_each_Project_Task": {
          "foreach": "@outputs('List_Project_Tasks')?['body/value']",
          "actions": {
            "Add_a_new_Project_Task_Staging_row": {
              "runAfter": {},
              "metadata": {
                "operationMetadataId": "e1234100-a7d8-4f2a-b958-50b5be49375a"
              },
              "type": "OpenApiConnection",
              "inputs": {
                "host": {
                  "connectionName": "shared_commondataservice",
                  "operationId": "PostItem_V2",
                  "apiId": "/providers/Microsoft.PowerApps/apis/shared_commondataservice"
                },
                "parameters": {
                  "dataset": "@parameters('Destination Environment For Migration (d2d_DestinationEnvironmentForMigration)')",
                  "table": "d2d_projecttaskstagings",
                  "item/d2d_critical": "@items('Apply_to_each_Project_Task')?['msdyn_iscritical']",
                  "item/d2d_displaysequence": "@items('Apply_to_each_Project_Task')?['msdyn_displaysequence']",
                  "item/d2d_duration": "@items('Apply_to_each_Project_Task')?['msdyn_duration']",
                  "item/d2d_efforthours": "@items('Apply_to_each_Project_Task')?['msdyn_effort']",
                  "item/d2d_finish": "@items('Apply_to_each_Project_Task')?['msdyn_finish']",
                  "item/d2d_ismilestone": "@items('Apply_to_each_Project_Task')?['msdyn_ismilestone']",
                  "item/d2d_name": "@items('Apply_to_each_Project_Task')?['msdyn_subject']",
                  "item/d2d_outlinelevel": "@items('Apply_to_each_Project_Task')?['msdyn_outlinelevel']",
                  "item/d2d_project": "@items('Apply_to_each_Project_Task')?['msdyn_project/msdyn_subject']",
                  "item/d2d_start": "@items('Apply_to_each_Project_Task')?['msdyn_start']",
                  "item/d2d_summarytask": "@items('Apply_to_each_Project_Task')?['msdyn_summary']",
                  "item/_ownerid_type": "",
                  "item/_d2d_projectstagingid_value": "@outputs('Add_a_new_Project_Staging_row_in_ProjOps')?['body/d2d_projectstagingid']"
                },
                "authentication": {
                  "type": "Raw",
                  "value": "@json(decodeBase64(triggerOutputs().headers['X-MS-APIM-Tokens']))['$ConnectionKey']"
                }
              }
            }
          },
          "runAfter": {
            "Add_a_new_Project_Staging_row_in_ProjOps": [
              "Succeeded"
            ]
          },
          "metadata": {
            "operationMetadataId": "e85947a6-5799-4573-a429-a6432739274d"
          },
          "type": "Foreach",
          "runtimeConfiguration": {
            "concurrency": {
              "repetitions": 50
            }
          }
        },
        "List_Project_Task_Dependencies": {
          "runAfter": {
            "List_Project_Tasks": [
              "Succeeded"
            ]
          },
          "metadata": {
            "operationMetadataId": "c955ccb8-f657-482d-b4a2-e97e20ed959c"
          },
          "type": "OpenApiConnection",
          "inputs": {
            "host": {
              "connectionName": "shared_commondataserviceforapps",
              "operationId": "ListRecords",
              "apiId": "/providers/Microsoft.PowerApps/apis/shared_commondataserviceforapps"
            },
            "parameters": {
              "entityName": "msdyn_projecttaskdependencies",
              "$filter": "_msdyn_project_value eq '@{outputs('Get_Project')?['body/msdyn_projectid']}'",
              "$expand": "msdyn_PredecessorTask($select=msdyn_subject,msdyn_displaysequence),msdyn_SuccessorTask($select=msdyn_subject,msdyn_displaysequence),msdyn_Project($select=msdyn_subject)"
            },
            "authentication": {
              "type": "Raw",
              "value": "@json(decodeBase64(triggerOutputs().headers['X-MS-APIM-Tokens']))['$ConnectionKey']"
            }
          }
        },
        "Apply_to_each_Project_Task_Dependency": {
          "foreach": "@outputs('List_Project_Task_Dependencies')?['body/value']",
          "actions": {
            "Add_a_new_Project_Task_Dependency_Staging_row": {
              "runAfter": {},
              "metadata": {
                "operationMetadataId": "21cdb59a-9f18-4b31-b5ac-f5017c3c2476"
              },
              "type": "OpenApiConnection",
              "inputs": {
                "host": {
                  "connectionName": "shared_commondataservice",
                  "operationId": "PostItem_V2",
                  "apiId": "/providers/Microsoft.PowerApps/apis/shared_commondataservice"
                },
                "parameters": {
                  "dataset": "@parameters('Destination Environment For Migration (d2d_DestinationEnvironmentForMigration)')",
                  "table": "d2d_projecttaskdependencystagings",
                  "item/d2d_projecttaskdependencylinktype": "@items('Apply_to_each_Project_Task_Dependency')?['msdyn_projecttaskdependencylinktype']",
                  "item/d2d_name": "@{items('Apply_to_each_Project_Task_Dependency')?['msdyn_project/msdyn_subject']} / @{items('Apply_to_each_Project_Task_Dependency')?['msdyn_predecessortask/msdyn_subject']} to @{items('Apply_to_each_Project_Task_Dependency')?['msdyn_successortask/msdyn_subject']}",
                  "item/d2d_predecessortask": "@items('Apply_to_each_Project_Task_Dependency')?['msdyn_predecessortask/msdyn_subject']",
                  "item/d2d_predecessortaskdisplaysequence": "@items('Apply_to_each_Project_Task_Dependency')?['msdyn_predecessortask/msdyn_displaysequence']",
                  "item/d2d_project": "@items('Apply_to_each_Project_Task_Dependency')?['msdyn_project/msdyn_subject']",
                  "item/d2d_successortask": "@items('Apply_to_each_Project_Task_Dependency')?['msdyn_successortask/msdyn_subject']",
                  "item/d2d_successortaskdisplaysequence": "@items('Apply_to_each_Project_Task_Dependency')?['msdyn_successortask/msdyn_displaysequence']",
                  "item/_ownerid_type": "",
                  "item/_d2d_projectstagingid_value": "@outputs('Add_a_new_Project_Staging_row_in_ProjOps')?['body/d2d_projectstagingid']"
                },
                "authentication": {
                  "type": "Raw",
                  "value": "@json(decodeBase64(triggerOutputs().headers['X-MS-APIM-Tokens']))['$ConnectionKey']"
                }
              }
            }
          },
          "runAfter": {
            "Apply_to_each_Project_Task": [
              "Succeeded"
            ]
          },
          "metadata": {
            "operationMetadataId": "684481be-5db9-4e5d-bbd5-cb12a166cdbc"
          },
          "type": "Foreach",
          "runtimeConfiguration": {
            "concurrency": {
              "repetitions": 50
            }
          }
        },
        "List_Project_Team_Members": {
          "runAfter": {
            "List_Project_Task_Dependencies": [
              "Succeeded"
            ]
          },
          "metadata": {
            "operationMetadataId": "a4b81e25-5268-41df-8533-e23913bab5b6"
          },
          "type": "OpenApiConnection",
          "inputs": {
            "host": {
              "connectionName": "shared_commondataserviceforapps",
              "operationId": "ListRecords",
              "apiId": "/providers/Microsoft.PowerApps/apis/shared_commondataserviceforapps"
            },
            "parameters": {
              "entityName": "msdyn_projectteams",
              "$filter": "_msdyn_project_value eq '@{outputs('Get_Project')?['body/msdyn_projectid']}'",
              "$expand": "msdyn_resourcecategory($select=name),msdyn_bookableresourceid($select=name),msdyn_organizationalunit($select=msdyn_name),msdyn_project($select=msdyn_subject)"
            },
            "authentication": {
              "type": "Raw",
              "value": "@json(decodeBase64(triggerOutputs().headers['X-MS-APIM-Tokens']))['$ConnectionKey']"
            }
          }
        },
        "Apply_to_each_Project_Team_Member": {
          "foreach": "@outputs('List_Project_Team_Members')?['body/value']",
          "actions": {
            "Add_a_new_Project_Team_Member_Staging_row": {
              "runAfter": {},
              "metadata": {
                "operationMetadataId": "1d57a71e-0448-459c-a000-21bcfbb84cc6"
              },
              "type": "OpenApiConnection",
              "inputs": {
                "host": {
                  "connectionName": "shared_commondataservice",
                  "operationId": "PostItem_V2",
                  "apiId": "/providers/Microsoft.PowerApps/apis/shared_commondataservice"
                },
                "parameters": {
                  "dataset": "@parameters('Destination Environment For Migration (d2d_DestinationEnvironmentForMigration)')",
                  "table": "d2d_projectteammemberstagings",
                  "item/d2d_bookableresource": "@items('Apply_to_each_Project_Team_Member')?['msdyn_bookableresourceid/name']",
                  "item/d2d_name": "@items('Apply_to_each_Project_Team_Member')?['msdyn_resourcecategory/name']",
                  "item/d2d_organizationalunit": "@items('Apply_to_each_Project_Team_Member')?['msdyn_organizationalunit/msdyn_name']",
                  "item/d2d_project": "@items('Apply_to_each_Project_Team_Member')?['msdyn_project/msdyn_subject']",
                  "item/d2d_role": "@items('Apply_to_each_Project_Team_Member')?['msdyn_resourcecategory/name']",
                  "item/_ownerid_type": "",
                  "item/_d2d_projectstaging_value": "@outputs('Add_a_new_Project_Staging_row_in_ProjOps')?['body/d2d_projectstagingid']"
                },
                "authentication": {
                  "type": "Raw",
                  "value": "@json(decodeBase64(triggerOutputs().headers['X-MS-APIM-Tokens']))['$ConnectionKey']"
                }
              }
            }
          },
          "runAfter": {
            "Apply_to_each_Project_Task_Dependency": [
              "Succeeded"
            ]
          },
          "metadata": {
            "operationMetadataId": "41e294ad-6d0f-4715-ab7b-59bdb94a1c9a"
          },
          "type": "Foreach",
          "runtimeConfiguration": {
            "concurrency": {
              "repetitions": 50
            }
          }
        },
        "List_Resource_Assignment": {
          "runAfter": {
            "List_Project_Team_Members": [
              "Succeeded"
            ]
          },
          "metadata": {
            "operationMetadataId": "6d94e45e-f021-4db6-922b-393a114e5287"
          },
          "type": "OpenApiConnection",
          "inputs": {
            "host": {
              "connectionName": "shared_commondataserviceforapps",
              "operationId": "ListRecords",
              "apiId": "/providers/Microsoft.PowerApps/apis/shared_commondataserviceforapps"
            },
            "parameters": {
              "entityName": "msdyn_resourceassignments",
              "$filter": "_msdyn_projectid_value eq '@{outputs('Get_Project')?['body/msdyn_projectid']}'",
              "$expand": "msdyn_taskid($select=msdyn_subject,msdyn_displaysequence),msdyn_projectteamid($select=msdyn_bookableresourceid;$expand=msdyn_bookableresourceid($select=name))"
            },
            "authentication": {
              "type": "Raw",
              "value": "@json(decodeBase64(triggerOutputs().headers['X-MS-APIM-Tokens']))['$ConnectionKey']"
            }
          }
        },
        "Apply_to_each_Resource_Assignment": {
          "foreach": "@outputs('List_Resource_Assignment')?['body/value']",
          "actions": {
            "Add_a_new_Resource_Assignment_Staging_row": {
              "runAfter": {},
              "metadata": {
                "operationMetadataId": "9bda1f8c-6127-46c6-8235-18aff7213317"
              },
              "type": "OpenApiConnection",
              "inputs": {
                "host": {
                  "connectionName": "shared_commondataservice",
                  "operationId": "PostItem_V2",
                  "apiId": "/providers/Microsoft.PowerApps/apis/shared_commondataservice"
                },
                "parameters": {
                  "dataset": "@parameters('Destination Environment For Migration (d2d_DestinationEnvironmentForMigration)')",
                  "table": "d2d_resourceassignmentstagings",
                  "item/d2d_name": "@if(empty(items('Apply_to_each_Resource_Assignment')?['msdyn_name']), concat('Resource Assignment for ',outputs('Get_Project')?['body/msdyn_subject']), concat(items('Apply_to_each_Resource_Assignment')?['msdyn_name']))",
                  "item/d2d_project": "@outputs('Get_Project')?['body/msdyn_subject']",
                  "item/d2d_projecttask": "@items('Apply_to_each_Resource_Assignment')?['msdyn_taskid/msdyn_subject']",
                  "item/d2d_projecttaskdisplaysequence": "@items('Apply_to_each_Resource_Assignment')?['msdyn_taskid/msdyn_displaysequence']",
                  "item/d2d_projectteammember": "@items('Apply_to_each_Resource_Assignment')?['msdyn_projectteamid/msdyn_bookableresourceid/name']",
                  "item/_ownerid_type": "",
                  "item/_d2d_projectstagingid_value": "@outputs('Add_a_new_Project_Staging_row_in_ProjOps')?['body/d2d_projectstagingid']"
                },
                "authentication": {
                  "type": "Raw",
                  "value": "@json(decodeBase64(triggerOutputs().headers['X-MS-APIM-Tokens']))['$ConnectionKey']"
                }
              },
              "description": "if(empty(items('Apply_to_each_Resource_Assignment')?['msdyn_name']), concat('Resource Assignment for ',outputs('Get_Project')?['body/msdyn_subject']), concat(items('Apply_to_each_Resource_Assignment')?['msdyn_name']))"
            }
          },
          "runAfter": {
            "Apply_to_each_Project_Team_Member": [
              "Succeeded"
            ]
          },
          "metadata": {
            "operationMetadataId": "de326916-ea2c-42e7-a99d-32ac0d0bf089"
          },
          "type": "Foreach",
          "description": "Neste expand query: items('Apply_to_each_Resource_Assignment')?['msdyn_projectteamid/msdyn_bookableresourceid/name']",
          "runtimeConfiguration": {
            "concurrency": {
              "repetitions": 50
            }
          }
        }
      },
      "outputs": {}
    }
  },
  "schemaVersion": "1.0.0.0"
}