<ImportExportXml version="9.2.22032.142" SolutionPackageVersion="9.2" languagecode="1033" generatedBy="CrmLive" xmlns:xsi="http://www.w3.org/2001/XMLSchema-instance">
  <SolutionManifest>
    <UniqueName>ProjectforthewebCopyStagingTables</UniqueName>
    <LocalizedNames>
      <LocalizedName description="Project for the web Copy Staging Tables" languagecode="1033" />
    </LocalizedNames>
    <Descriptions />
    <Version>1.0.0.1</Version>
    <Managed>1</Managed>
    <Publisher>
      <UniqueName>daytodaydynamics365</UniqueName>
      <LocalizedNames>
        <LocalizedName description="Day to Day Dynamics 365" languagecode="1033" />
      </LocalizedNames>
      <Descriptions>
        <Description description="Publisher for MVP Antti Pajunen." languagecode="1033" />
      </Descriptions>
      <EMailAddress xsi:nil="true"></EMailAddress>
      <SupportingWebsiteUrl xsi:nil="true"></SupportingWebsiteUrl>
      <CustomizationPrefix>d2d</CustomizationPrefix>
      <CustomizationOptionValuePrefix>60248</CustomizationOptionValuePrefix>
      <Addresses>
        <Address>
          <AddressNumber>1</AddressNumber>
          <AddressTypeCode>1</AddressTypeCode>
          <City xsi:nil="true"></City>
          <County xsi:nil="true"></County>
          <Country xsi:nil="true"></Country>
          <Fax xsi:nil="true"></Fax>
          <FreightTermsCode xsi:nil="true"></FreightTermsCode>
          <ImportSequenceNumber xsi:nil="true"></ImportSequenceNumber>
          <Latitude xsi:nil="true"></Latitude>
          <Line1 xsi:nil="true"></Line1>
          <Line2 xsi:nil="true"></Line2>
          <Line3 xsi:nil="true"></Line3>
          <Longitude xsi:nil="true"></Longitude>
          <Name xsi:nil="true"></Name>
          <PostalCode xsi:nil="true"></PostalCode>
          <PostOfficeBox xsi:nil="true"></PostOfficeBox>
          <PrimaryContactName xsi:nil="true"></PrimaryContactName>
          <ShippingMethodCode>1</ShippingMethodCode>
          <StateOrProvince xsi:nil="true"></StateOrProvince>
          <Telephone1 xsi:nil="true"></Telephone1>
          <Telephone2 xsi:nil="true"></Telephone2>
          <Telephone3 xsi:nil="true"></Telephone3>
          <TimeZoneRuleVersionNumber xsi:nil="true"></TimeZoneRuleVersionNumber>
          <UPSZone xsi:nil="true"></UPSZone>
          <UTCOffset xsi:nil="true"></UTCOffset>
          <UTCConversionTimeZoneCode xsi:nil="true"></UTCConversionTimeZoneCode>
        </Address>
        <Address>
          <AddressNumber>2</AddressNumber>
          <AddressTypeCode>1</AddressTypeCode>
          <City xsi:nil="true"></City>
          <County xsi:nil="true"></County>
          <Country xsi:nil="true"></Country>
          <Fax xsi:nil="true"></Fax>
          <FreightTermsCode xsi:nil="true"></FreightTermsCode>
          <ImportSequenceNumber xsi:nil="true"></ImportSequenceNumber>
          <Latitude xsi:nil="true"></Latitude>
          <Line1 xsi:nil="true"></Line1>
          <Line2 xsi:nil="true"></Line2>
          <Line3 xsi:nil="true"></Line3>
          <Longitude xsi:nil="true"></Longitude>
          <Name xsi:nil="true"></Name>
          <PostalCode xsi:nil="true"></PostalCode>
          <PostOfficeBox xsi:nil="true"></PostOfficeBox>
          <PrimaryContactName xsi:nil="true"></PrimaryContactName>
          <ShippingMethodCode>1</ShippingMethodCode>
          <StateOrProvince xsi:nil="true"></StateOrProvince>
          <Telephone1 xsi:nil="true"></Telephone1>
          <Telephone2 xsi:nil="true"></Telephone2>
          <Telephone3 xsi:nil="true"></Telephone3>
          <TimeZoneRuleVersionNumber xsi:nil="true"></TimeZoneRuleVersionNumber>
          <UPSZone xsi:nil="true"></UPSZone>
          <UTCOffset xsi:nil="true"></UTCOffset>
          <UTCConversionTimeZoneCode xsi:nil="true"></UTCConversionTimeZoneCode>
        </Address>
      </Addresses>
    </Publisher>
    <RootComponents>
      <RootComponent type="1" schemaName="d2d_projectstaging" behavior="0" />
      <RootComponent type="1" schemaName="d2d_projecttaskdependencystaging" behavior="0" />
      <RootComponent type="1" schemaName="d2d_projecttaskstaging" behavior="0" />
      <RootComponent type="1" schemaName="d2d_projectteammemberstaging" behavior="0" />
      <RootComponent type="1" schemaName="d2d_resourceassignmentstaging" behavior="0" />
      <RootComponent type="20" id="{3a55986e-0da2-ec11-b3fe-0022486e0c96}" behavior="0" />
      <RootComponent type="29" id="{a8b5720d-8382-ec11-8d20-0022486d6541}" behavior="0" />
      <RootComponent type="62" schemaName="d2d_ProjectCopyStagingTables" behavior="0" />
      <RootComponent type="80" schemaName="d2d_ProjectCopyStagingTables" behavior="0" />
    </RootComponents>
    <MissingDependencies>
      <MissingDependency>
        <Required type="1" schemaName="bookableresource" displayName="Bookable Resource" solution="msdynce_Scheduling (9.0.0.0)" />
        <Dependent type="29" displayName="Create Project from Project Staging" id="{a8b5720d-8382-ec11-8d20-0022486d6541}" />
      </MissingDependency>
      <MissingDependency>
        <Required type="1" schemaName="bookableresourcecategory" displayName="Bookable Resource Category" solution="msdynce_Scheduling (9.0.0.0)" />
        <Dependent type="29" displayName="Create Project from Project Staging" id="{a8b5720d-8382-ec11-8d20-0022486d6541}" />
      </MissingDependency>
      <MissingDependency>
        <Required type="1" schemaName="msdyn_organizationalunit" displayName="Organizational Unit" solution="MicrosoftDynamicsScheduling (3.12.0.448)">
          <package>ProjectOperations_Anchor (4.30.0.99)</package>
        </Required>
        <Dependent type="29" displayName="Create Project from Project Staging" id="{a8b5720d-8382-ec11-8d20-0022486d6541}" />
      </MissingDependency>
      <MissingDependency>
        <Required type="1" schemaName="msdyn_projectbucket" displayName="Project Bucket" solution="msdyn_ProjectServiceCore (1.0.0.87)">
          <package>ProjectOperations_Anchor (4.30.0.99)</package>
        </Required>
        <Dependent type="29" displayName="Create Project from Project Staging" id="{a8b5720d-8382-ec11-8d20-0022486d6541}" />
      </MissingDependency>
      <MissingDependency>
        <Required type="1" schemaName="msdyn_projecttask" displayName="Project Task" solution="msdyn_ProjectServiceCore (1.0.0.87)">
          <package>ProjectOperations_Anchor (4.30.0.99)</package>
        </Required>
        <Dependent type="29" displayName="Create Project from Project Staging" id="{a8b5720d-8382-ec11-8d20-0022486d6541}" />
      </MissingDependency>
      <MissingDependency>
        <Required type="1" schemaName="msdyn_projectteam" displayName="Project Team Member" solution="msdyn_ProjectServiceCore (1.0.0.87)">
          <package>ProjectOperations_Anchor (4.30.0.99)</package>
        </Required>
        <Dependent type="29" displayName="Create Project from Project Staging" id="{a8b5720d-8382-ec11-8d20-0022486d6541}" />
      </MissingDependency>
      <MissingDependency>
        <Required type="1" schemaName="msdyn_workhourtemplate" displayName="Work template" solution="MicrosoftDynamicsScheduling (3.12.0.448)">
          <package>ProjectOperations_Anchor (4.30.0.99)</package>
        </Required>
        <Dependent type="29" displayName="Create Project from Project Staging" id="{a8b5720d-8382-ec11-8d20-0022486d6541}" />
      </MissingDependency>
      <MissingDependency>
        <Required type="61" schemaName="msdyn_/Images/AppModule_Default_Icon.png" displayName="msdyn_/Images/AppModule_Default_Icon.png" solution="AppModuleWebResources (2.5)" />
        <Dependent type="80" schemaName="d2d_ProjectCopyStagingTables" displayName="Project Migrator Staging Tables" />
      </MissingDependency>
    </MissingDependencies>
  </SolutionManifest>
</ImportExportXml>