<ImportExportXml xmlns:xsi="http://www.w3.org/2001/XMLSchema-instance">
  <Entities>
    <Entity>
      <Name LocalizedName="Project Approval" OriginalName="Project Approval">msdyn_projectapproval</Name>
      <EntityInfo>
        <entity Name="msdyn_projectapproval">
          <attributes>
            <attribute PhysicalName="d2d_ImportBatch">
              <Type>nvarchar</Type>
              <Name>d2d_importbatch</Name>
              <LogicalName>d2d_importbatch</LogicalName>
              <RequiredLevel>none</RequiredLevel>
              <DisplayMask>ValidForAdvancedFind|ValidForForm|ValidForGrid</DisplayMask>
              <ImeMode>auto</ImeMode>
              <ValidForUpdateApi>1</ValidForUpdateApi>
              <ValidForReadApi>1</ValidForReadApi>
              <ValidForCreateApi>1</ValidForCreateApi>
              <IsCustomField>1</IsCustomField>
              <IsAuditEnabled>1</IsAuditEnabled>
              <IsSecured>0</IsSecured>
              <IntroducedVersion>1.0.0.4</IntroducedVersion>
              <IsCustomizable>1</IsCustomizable>
              <IsRenameable>1</IsRenameable>
              <CanModifySearchSettings>1</CanModifySearchSettings>
              <CanModifyRequirementLevelSettings>1</CanModifyRequirementLevelSettings>
              <CanModifyAdditionalSettings>1</CanModifyAdditionalSettings>
              <SourceType>0</SourceType>
              <IsGlobalFilterEnabled>0</IsGlobalFilterEnabled>
              <IsSortableEnabled>0</IsSortableEnabled>
              <CanModifyGlobalFilterSettings>1</CanModifyGlobalFilterSettings>
              <CanModifyIsSortableSettings>1</CanModifyIsSortableSettings>
              <IsDataSourceSecret>0</IsDataSourceSecret>
              <AutoNumberFormat></AutoNumberFormat>
              <IsSearchable>0</IsSearchable>
              <IsFilterable>0</IsFilterable>
              <IsRetrievable>0</IsRetrievable>
              <IsLocalizable>0</IsLocalizable>
              <Format>text</Format>
              <MaxLength>100</MaxLength>
              <Length>200</Length>
              <displaynames>
                <displayname description="Import Batch" languagecode="1033" />
              </displaynames>
              <Descriptions>
                <Description description="" languagecode="1033" />
              </Descriptions>
            </attribute>
          </attributes>
        </entity>
      </EntityInfo>
      <SavedQueries>
        <savedqueries>
          <savedquery>
            <IsCustomizable>1</IsCustomizable>
            <CanBeDeleted>1</CanBeDeleted>
            <isquickfindquery>0</isquickfindquery>
            <isprivate>0</isprivate>
            <isdefault>0</isdefault>
            <savedqueryid>{b37f6ca6-aa3b-eb11-a813-000d3ab1160e}</savedqueryid>
            <layoutxml>
              <grid name="resultset" jump="madyn_project" select="1" preview="1" icon="1">
                <row name="result" id="msdyn_projectapprovalid">
                  <cell name="createdon" width="150" />
                  <cell name="d2d_importbatch" width="125" imageproviderfunctionname="" imageproviderwebresource="$webresource:" />
                  <cell name="msdyn_approvedby" width="125" imageproviderfunctionname="" imageproviderwebresource="$webresource:" />
                  <cell name="ownerid" width="100" />
                  <cell name="msdyn_date" width="125" imageproviderfunctionname="" imageproviderwebresource="$webresource:" />
                  <cell name="msdyn_project" width="200" />
                  <cell name="msdyn_projecttask" width="200" />
                  <cell name="msdyn_recordstage" width="125" imageproviderfunctionname="" imageproviderwebresource="$webresource:" />
                  <cell name="msdyn_approvedon" width="125" imageproviderfunctionname="" imageproviderwebresource="$webresource:" />
                  <cell name="msdyn_timeentry" width="100" />
                  <cell name="msdyn_submittedby" width="100" />
                  <cell name="msdyn_bookableresource" width="200" />
                  <cell name="msdyn_resourcecategory" width="100" />
                  <cell name="msdyn_billingtype" width="100" />
                  <cell name="msdyn_costquantity" width="100" />
                  <cell name="msdyn_salesquantity" width="100" />
                  <cell name="msdyn_salesprice" width="100" />
                  <cell name="msdyn_externalcomments" width="125" imageproviderfunctionname="" imageproviderwebresource="$webresource:" />
                  <cell name="msdyn_internalcomments" width="125" imageproviderfunctionname="" imageproviderwebresource="$webresource:" />
                </row>
              </grid>
            </layoutxml>
            <querytype>0</querytype>
            <fetchxml>
              <fetch version="1.0" output-format="xml-platform" mapping="logical" distinct="false">
                <entity name="msdyn_projectapproval">
                  <attribute name="msdyn_resourcecategory" />
                  <attribute name="msdyn_project" />
                  <attribute name="msdyn_externalcomments" />
                  <attribute name="msdyn_date" />
                  <attribute name="msdyn_costquantity" />
                  <attribute name="msdyn_billingtype" />
                  <attribute name="msdyn_projecttask" />
                  <attribute name="msdyn_salesquantity" />
                  <attribute name="msdyn_bookableresource" />
                  <attribute name="msdyn_timeentry" />
                  <attribute name="msdyn_submittedby" />
                  <attribute name="createdon" />
                  <attribute name="d2d_importbatch" />
                  <order attribute="createdon" descending="true" />
                  <filter type="and">
                    <condition attribute="msdyn_recordstage" operator="eq" value="2" />
                    <condition attribute="msdyn_recordstage" operator="eq" value="1" />
                    <condition attribute="msdyn_recordstage" operator="eq" value="5" />
                    <condition attribute="msdyn_recordstage" operator="eq" value="6" />
                  </filter>
                  <attribute name="msdyn_approvedby" />
                  <attribute name="ownerid" />
                  <attribute name="msdyn_recordstage" />
                  <attribute name="msdyn_approvedon" />
                  <attribute name="msdyn_internalcomments" />
                  <attribute name="msdyn_salesprice" />
                  <attribute name="msdyn_projectapprovalid" />
                </entity>
              </fetch>
            </fetchxml>
            <IntroducedVersion>1.0.0.4</IntroducedVersion>
            <LocalizedNames>
              <LocalizedName description="All Past Approvals" languagecode="1033" />
            </LocalizedNames>
            <Descriptions>
              <Description description="All past approvals. For use with time entry batch imports." languagecode="1033" />
            </Descriptions>
          </savedquery>
        </savedqueries>
      </SavedQueries>
      <RibbonDiffXml>
        <CustomActions />
        <Templates>
          <RibbonTemplates Id="Mscrm.Templates"></RibbonTemplates>
        </Templates>
        <CommandDefinitions />
        <RuleDefinitions>
          <TabDisplayRules />
          <DisplayRules />
          <EnableRules />
        </RuleDefinitions>
        <LocLabels />
      </RibbonDiffXml>
    </Entity>
    <Entity>
      <Name LocalizedName="Time Entry" OriginalName="Time Entry">msdyn_timeentry</Name>
      <EntityInfo>
        <entity Name="msdyn_timeentry">
          <attributes>
            <attribute PhysicalName="d2d_FromTimeEntryImport">
              <Type>bit</Type>
              <Name>d2d_fromtimeentryimport</Name>
              <LogicalName>d2d_fromtimeentryimport</LogicalName>
              <RequiredLevel>none</RequiredLevel>
              <DisplayMask>ValidForAdvancedFind|ValidForForm|ValidForGrid</DisplayMask>
              <ImeMode>auto</ImeMode>
              <ValidForUpdateApi>1</ValidForUpdateApi>
              <ValidForReadApi>1</ValidForReadApi>
              <ValidForCreateApi>1</ValidForCreateApi>
              <IsCustomField>1</IsCustomField>
              <IsAuditEnabled>1</IsAuditEnabled>
              <IsSecured>0</IsSecured>
              <IntroducedVersion>1.0.0.0</IntroducedVersion>
              <IsCustomizable>1</IsCustomizable>
              <IsRenameable>1</IsRenameable>
              <CanModifySearchSettings>1</CanModifySearchSettings>
              <CanModifyRequirementLevelSettings>1</CanModifyRequirementLevelSettings>
              <CanModifyAdditionalSettings>1</CanModifyAdditionalSettings>
              <SourceType>0</SourceType>
              <IsGlobalFilterEnabled>0</IsGlobalFilterEnabled>
              <IsSortableEnabled>0</IsSortableEnabled>
              <CanModifyGlobalFilterSettings>1</CanModifyGlobalFilterSettings>
              <CanModifyIsSortableSettings>1</CanModifyIsSortableSettings>
              <IsDataSourceSecret>0</IsDataSourceSecret>
              <AutoNumberFormat></AutoNumberFormat>
              <IsSearchable>0</IsSearchable>
              <IsFilterable>0</IsFilterable>
              <IsRetrievable>0</IsRetrievable>
              <IsLocalizable>0</IsLocalizable>
              <AppDefaultValue>0</AppDefaultValue>
              <optionset Name="d2d_msdyn_timeentry_fromtimeentryimport">
                <OptionSetType>bit</OptionSetType>
                <IntroducedVersion>1.0.0.0</IntroducedVersion>
                <IsCustomizable>1</IsCustomizable>
                <displaynames>
                  <displayname description="Local Enumeration" languagecode="1033" />
                </displaynames>
                <Descriptions>
                  <Description description="" languagecode="1033" />
                </Descriptions>
                <options>
                  <option value="1">
                    <labels>
                      <label description="Yes" languagecode="1033" />
                    </labels>
                  </option>
                  <option value="0">
                    <labels>
                      <label description="No" languagecode="1033" />
                    </labels>
                  </option>
                </options>
              </optionset>
              <displaynames>
                <displayname description="From Time Entry Import" languagecode="1033" />
              </displaynames>
              <Descriptions>
                <Description description="" languagecode="1033" />
              </Descriptions>
            </attribute>
            <attribute PhysicalName="d2d_ImportBatch">
              <Type>nvarchar</Type>
              <Name>d2d_importbatch</Name>
              <LogicalName>d2d_importbatch</LogicalName>
              <RequiredLevel>none</RequiredLevel>
              <DisplayMask>ValidForAdvancedFind|ValidForForm|ValidForGrid</DisplayMask>
              <ImeMode>auto</ImeMode>
              <ValidForUpdateApi>1</ValidForUpdateApi>
              <ValidForReadApi>1</ValidForReadApi>
              <ValidForCreateApi>1</ValidForCreateApi>
              <IsCustomField>1</IsCustomField>
              <IsAuditEnabled>1</IsAuditEnabled>
              <IsSecured>0</IsSecured>
              <IntroducedVersion>1.0.0.1</IntroducedVersion>
              <IsCustomizable>1</IsCustomizable>
              <IsRenameable>1</IsRenameable>
              <CanModifySearchSettings>1</CanModifySearchSettings>
              <CanModifyRequirementLevelSettings>1</CanModifyRequirementLevelSettings>
              <CanModifyAdditionalSettings>1</CanModifyAdditionalSettings>
              <SourceType>0</SourceType>
              <IsGlobalFilterEnabled>0</IsGlobalFilterEnabled>
              <IsSortableEnabled>0</IsSortableEnabled>
              <CanModifyGlobalFilterSettings>1</CanModifyGlobalFilterSettings>
              <CanModifyIsSortableSettings>1</CanModifyIsSortableSettings>
              <IsDataSourceSecret>0</IsDataSourceSecret>
              <AutoNumberFormat></AutoNumberFormat>
              <IsSearchable>0</IsSearchable>
              <IsFilterable>0</IsFilterable>
              <IsRetrievable>0</IsRetrievable>
              <IsLocalizable>0</IsLocalizable>
              <Format>text</Format>
              <MaxLength>100</MaxLength>
              <Length>200</Length>
              <displaynames>
                <displayname description="Import Batch" languagecode="1033" />
              </displaynames>
              <Descriptions>
                <Description description="" languagecode="1033" />
              </Descriptions>
            </attribute>
          </attributes>
        </entity>
      </EntityInfo>
      <SavedQueries>
        <savedqueries>
          <savedquery>
            <IsCustomizable>1</IsCustomizable>
            <CanBeDeleted>1</CanBeDeleted>
            <isquickfindquery>0</isquickfindquery>
            <isprivate>0</isprivate>
            <isdefault>0</isdefault>
            <savedqueryid>{a4d3d809-0425-eb11-a813-000d3ab1160e}</savedqueryid>
            <layoutxml>
              <grid name="resultset" jump="msdyn_description" select="1" icon="1" preview="1">
                <row name="result" id="msdyn_timeentryid">
                  <cell name="d2d_fromtimeentryimport" width="150" imageproviderfunctionname="" imageproviderwebresource="$webresource:" />
                  <cell name="d2d_importbatch" width="150" />
                  <cell name="createdon" width="200" imageproviderfunctionname="" imageproviderwebresource="$webresource:" />
                  <cell name="msdyn_date" width="125" imageproviderfunctionname="" imageproviderwebresource="$webresource:" />
                  <cell name="ownerid" width="125" imageproviderfunctionname="" imageproviderwebresource="$webresource:" />
                  <cell name="msdyn_project" width="150" imageproviderfunctionname="" imageproviderwebresource="$webresource:" />
                  <cell name="msdyn_projecttask" width="150" imageproviderfunctionname="" imageproviderwebresource="$webresource:" />
                  <cell name="msdyn_bookableresource" width="200" imageproviderfunctionname="" imageproviderwebresource="$webresource:" />
                  <cell name="msdyn_resourcecategory" width="125" imageproviderfunctionname="" imageproviderwebresource="$webresource:" />
                  <cell name="msdyn_duration" width="100" />
                  <cell name="msdyn_start" width="100" />
                  <cell name="msdyn_end" width="100" />
                  <cell name="msdyn_type" width="100" />
                  <cell name="msdyn_entrystatus" width="100" />
                  <cell name="msdyn_targetentrystatus" width="100" />
                  <cell name="msdyn_description" width="100" />
                  <cell name="msdyn_externaldescription" width="100" />
                </row>
              </grid>
            </layoutxml>
            <querytype>0</querytype>
            <fetchxml>
              <fetch version="1.0" mapping="logical">
                <entity name="msdyn_timeentry">
                  <filter type="and">
                    <condition attribute="statecode" operator="eq" value="0" />
                  </filter>
                  <attribute name="msdyn_type" />
                  <attribute name="msdyn_start" />
                  <attribute name="msdyn_entrystatus" />
                  <attribute name="msdyn_end" />
                  <attribute name="msdyn_duration" />
                  <attribute name="msdyn_bookableresource" />
                  <attribute name="d2d_fromtimeentryimport" />
                  <attribute name="msdyn_targetentrystatus" />
                  <attribute name="msdyn_resourcecategory" />
                  <attribute name="msdyn_projecttask" />
                  <attribute name="msdyn_project" />
                  <attribute name="msdyn_externaldescription" />
                  <attribute name="msdyn_description" />
                  <attribute name="msdyn_date" />
                  <attribute name="createdon" />
                  <order attribute="createdon" descending="true" />
                  <order attribute="msdyn_date" descending="true" />
                  <attribute name="ownerid" />
                  <attribute name="msdyn_timeentryid" />
                  <attribute name="d2d_importbatch" />
                </entity>
              </fetch>
            </fetchxml>
            <IntroducedVersion>1.0.0.0</IntroducedVersion>
            <LocalizedNames>
              <LocalizedName description="Time Entry Import" languagecode="1033" />
            </LocalizedNames>
          </savedquery>
        </savedqueries>
      </SavedQueries>
      <RibbonDiffXml>
        <CustomActions />
        <Templates>
          <RibbonTemplates Id="Mscrm.Templates"></RibbonTemplates>
        </Templates>
        <CommandDefinitions />
        <RuleDefinitions>
          <TabDisplayRules />
          <DisplayRules />
          <EnableRules />
        </RuleDefinitions>
        <LocLabels />
      </RibbonDiffXml>
    </Entity>
  </Entities>
  <Roles></Roles>
  <Workflows>
    <Workflow WorkflowId="{0eb5827d-0e29-eb11-a813-000d3ab11b53}" Name="Project Approval: Roll back Time Entry import for approved TEs">
      <JsonFileName>/Workflows/ProjectApprovalRollbackTimeEntryimportforapprovedT-0EB5827D-0E29-EB11-A813-000D3AB11B53.json</JsonFileName>
      <Type>1</Type>
      <Subprocess>0</Subprocess>
      <Category>5</Category>
      <Mode>0</Mode>
      <Scope>4</Scope>
      <OnDemand>0</OnDemand>
      <TriggerOnCreate>0</TriggerOnCreate>
      <TriggerOnDelete>0</TriggerOnDelete>
      <AsyncAutodelete>0</AsyncAutodelete>
      <SyncWorkflowLogOnFailure>0</SyncWorkflowLogOnFailure>
      <StateCode>1</StateCode>
      <StatusCode>2</StatusCode>
      <RunAs>1</RunAs>
      <IsTransacted>1</IsTransacted>
      <IntroducedVersion>1.0.0.4</IntroducedVersion>
      <IsCustomizable>1</IsCustomizable>
      <BusinessProcessType>0</BusinessProcessType>
      <IsCustomProcessingStepAllowedForOtherPublishers>1</IsCustomProcessingStepAllowedForOtherPublishers>
      <PrimaryEntity>none</PrimaryEntity>
      <LocalizedNames>
        <LocalizedName languagecode="1033" description="Project Approval: Roll back Time Entry import for approved TEs" />
      </LocalizedNames>
    </Workflow>
    <Workflow WorkflowId="{757aeffd-1e2f-eb11-a813-000d3ab1160e}" Name="Time Entry: Manually Submit and Approve Time Entries">
      <JsonFileName>/Workflows/TimeEntryManuallySubmitandApproveTimeEntries-757AEFFD-1E2F-EB11-A813-000D3AB1160E.json</JsonFileName>
      <Type>1</Type>
      <Subprocess>0</Subprocess>
      <Category>5</Category>
      <Mode>0</Mode>
      <Scope>4</Scope>
      <OnDemand>0</OnDemand>
      <TriggerOnCreate>0</TriggerOnCreate>
      <TriggerOnDelete>0</TriggerOnDelete>
      <AsyncAutodelete>0</AsyncAutodelete>
      <SyncWorkflowLogOnFailure>0</SyncWorkflowLogOnFailure>
      <StateCode>1</StateCode>
      <StatusCode>2</StatusCode>
      <RunAs>1</RunAs>
      <IsTransacted>1</IsTransacted>
      <IntroducedVersion>1.0.0.4</IntroducedVersion>
      <IsCustomizable>1</IsCustomizable>
      <BusinessProcessType>0</BusinessProcessType>
      <IsCustomProcessingStepAllowedForOtherPublishers>1</IsCustomProcessingStepAllowedForOtherPublishers>
      <PrimaryEntity>none</PrimaryEntity>
      <LocalizedNames>
        <LocalizedName languagecode="1033" description="Time Entry: Manually Submit and Approve Time Entries" />
      </LocalizedNames>
    </Workflow>
  </Workflows>
  <FieldSecurityProfiles></FieldSecurityProfiles>
  <Templates />
  <EntityMaps />
  <EntityRelationships />
  <OrganizationSettings />
  <optionsets />
  <CustomControls />
  <EntityDataProviders />
  <Languages>
    <Language>1033</Language>
  </Languages>
</ImportExportXml>