<ImportExportXml version="9.1.0.25551" SolutionPackageVersion="9.1" languagecode="1033" generatedBy="CrmLive" xmlns:xsi="http://www.w3.org/2001/XMLSchema-instance">
  <SolutionManifest>
    <UniqueName>TimeEntryImport</UniqueName>
    <LocalizedNames>
      <LocalizedName description="Time Entry Import" languagecode="1033" />
    </LocalizedNames>
    <Descriptions />
    <Version>1.0.0.5</Version>
    <Managed>0</Managed>
    <Publisher>
      <UniqueName>daytodaydynamics365</UniqueName>
      <LocalizedNames>
        <LocalizedName description="Day to Day Dynamics 365" languagecode="1033" />
      </LocalizedNames>
      <Descriptions />
      <EMailAddress xsi:nil="true"></EMailAddress>
      <SupportingWebsiteUrl xsi:nil="true"></SupportingWebsiteUrl>
      <CustomizationPrefix>d2d</CustomizationPrefix>
      <CustomizationOptionValuePrefix>60248</CustomizationOptionValuePrefix>
      <Addresses>
        <Address>
          <AddressNumber>1</AddressNumber>
          <AddressTypeCode>1</AddressTypeCode>
          <City xsi:nil="true"></City>
          <County xsi:nil="true"></County>
          <Country xsi:nil="true"></Country>
          <Fax xsi:nil="true"></Fax>
          <FreightTermsCode xsi:nil="true"></FreightTermsCode>
          <ImportSequenceNumber xsi:nil="true"></ImportSequenceNumber>
          <Latitude xsi:nil="true"></Latitude>
          <Line1 xsi:nil="true"></Line1>
          <Line2 xsi:nil="true"></Line2>
          <Line3 xsi:nil="true"></Line3>
          <Longitude xsi:nil="true"></Longitude>
          <Name xsi:nil="true"></Name>
          <PostalCode xsi:nil="true"></PostalCode>
          <PostOfficeBox xsi:nil="true"></PostOfficeBox>
          <PrimaryContactName xsi:nil="true"></PrimaryContactName>
          <ShippingMethodCode>1</ShippingMethodCode>
          <StateOrProvince xsi:nil="true"></StateOrProvince>
          <Telephone1 xsi:nil="true"></Telephone1>
          <Telephone2 xsi:nil="true"></Telephone2>
          <Telephone3 xsi:nil="true"></Telephone3>
          <TimeZoneRuleVersionNumber xsi:nil="true"></TimeZoneRuleVersionNumber>
          <UPSZone xsi:nil="true"></UPSZone>
          <UTCOffset xsi:nil="true"></UTCOffset>
          <UTCConversionTimeZoneCode xsi:nil="true"></UTCConversionTimeZoneCode>
        </Address>
        <Address>
          <AddressNumber>2</AddressNumber>
          <AddressTypeCode>1</AddressTypeCode>
          <City xsi:nil="true"></City>
          <County xsi:nil="true"></County>
          <Country xsi:nil="true"></Country>
          <Fax xsi:nil="true"></Fax>
          <FreightTermsCode xsi:nil="true"></FreightTermsCode>
          <ImportSequenceNumber xsi:nil="true"></ImportSequenceNumber>
          <Latitude xsi:nil="true"></Latitude>
          <Line1 xsi:nil="true"></Line1>
          <Line2 xsi:nil="true"></Line2>
          <Line3 xsi:nil="true"></Line3>
          <Longitude xsi:nil="true"></Longitude>
          <Name xsi:nil="true"></Name>
          <PostalCode xsi:nil="true"></PostalCode>
          <PostOfficeBox xsi:nil="true"></PostOfficeBox>
          <PrimaryContactName xsi:nil="true"></PrimaryContactName>
          <ShippingMethodCode>1</ShippingMethodCode>
          <StateOrProvince xsi:nil="true"></StateOrProvince>
          <Telephone1 xsi:nil="true"></Telephone1>
          <Telephone2 xsi:nil="true"></Telephone2>
          <Telephone3 xsi:nil="true"></Telephone3>
          <TimeZoneRuleVersionNumber xsi:nil="true"></TimeZoneRuleVersionNumber>
          <UPSZone xsi:nil="true"></UPSZone>
          <UTCOffset xsi:nil="true"></UTCOffset>
          <UTCConversionTimeZoneCode xsi:nil="true"></UTCConversionTimeZoneCode>
        </Address>
      </Addresses>
    </Publisher>
    <RootComponents>
      <RootComponent type="1" schemaName="msdyn_projectapproval" behavior="2" />
      <RootComponent type="1" schemaName="msdyn_timeentry" behavior="2" />
      <RootComponent type="29" id="{0eb5827d-0e29-eb11-a813-000d3ab11b53}" behavior="0" />
      <RootComponent type="29" id="{757aeffd-1e2f-eb11-a813-000d3ab1160e}" behavior="0" />
    </RootComponents>
    <MissingDependencies>
      <MissingDependency>
        <Required key="0" type="1" schemaName="msdyn_timeentry" displayName="Time Entry" solution="msdyn_TESA (1.1.0.4)" />
        <Dependent key="0" type="1" schemaName="msdyn_timeentry" displayName="Time Entry" />
      </MissingDependency>
      <MissingDependency>
        <Required key="1" type="1" schemaName="msdyn_projectapproval" displayName="Project Approval" solution="ProjectService (4.4.0.70)" />
        <Dependent key="1" type="1" schemaName="msdyn_projectapproval" displayName="Project Approval" />
      </MissingDependency>
      <MissingDependency>
        <Required key="0" type="1" schemaName="msdyn_timeentry" displayName="Time Entry" solution="msdyn_TESA (1.1.0.4)" />
        <Dependent key="2" type="26" schemaName="Time Entry Import" displayName="Time Entry Import" parentSchemaName="msdyn_timeentry" parentDisplayName="Time Entry" id="{a4d3d809-0425-eb11-a813-000d3ab1160e}" />
      </MissingDependency>
      <MissingDependency>
        <Required key="3" type="2" schemaName="msdyn_entrystatus" displayName="Entry Status" parentSchemaName="msdyn_timeentry" parentDisplayName="Time Entry" solution="msdyn_TESA (1.1.0.4)" />
        <Dependent key="2" type="26" schemaName="Time Entry Import" displayName="Time Entry Import" parentSchemaName="msdyn_timeentry" parentDisplayName="Time Entry" id="{a4d3d809-0425-eb11-a813-000d3ab1160e}" />
      </MissingDependency>
      <MissingDependency>
        <Required key="4" type="2" schemaName="msdyn_description" displayName="Description" parentSchemaName="msdyn_timeentry" parentDisplayName="Time Entry" solution="msdyn_TESA (1.1.0.4)" />
        <Dependent key="2" type="26" schemaName="Time Entry Import" displayName="Time Entry Import" parentSchemaName="msdyn_timeentry" parentDisplayName="Time Entry" id="{a4d3d809-0425-eb11-a813-000d3ab1160e}" />
      </MissingDependency>
      <MissingDependency>
        <Required key="5" type="2" schemaName="msdyn_targetentrystatus" displayName="Target Entry Status" parentSchemaName="msdyn_timeentry" parentDisplayName="Time Entry" solution="ProjectService (4.4.0.70)" />
        <Dependent key="2" type="26" schemaName="Time Entry Import" displayName="Time Entry Import" parentSchemaName="msdyn_timeentry" parentDisplayName="Time Entry" id="{a4d3d809-0425-eb11-a813-000d3ab1160e}" />
      </MissingDependency>
      <MissingDependency>
        <Required key="6" type="2" schemaName="msdyn_timeentryid" displayName="Time Entry" parentSchemaName="msdyn_timeentry" parentDisplayName="Time Entry" solution="msdyn_TESA (1.1.0.4)" />
        <Dependent key="2" type="26" schemaName="Time Entry Import" displayName="Time Entry Import" parentSchemaName="msdyn_timeentry" parentDisplayName="Time Entry" id="{a4d3d809-0425-eb11-a813-000d3ab1160e}" />
      </MissingDependency>
      <MissingDependency>
        <Required key="7" type="2" schemaName="msdyn_project" displayName="Project" parentSchemaName="msdyn_timeentry" parentDisplayName="Time Entry" solution="ProjectService (4.4.0.70)" />
        <Dependent key="2" type="26" schemaName="Time Entry Import" displayName="Time Entry Import" parentSchemaName="msdyn_timeentry" parentDisplayName="Time Entry" id="{a4d3d809-0425-eb11-a813-000d3ab1160e}" />
      </MissingDependency>
      <MissingDependency>
        <Required key="8" type="2" schemaName="msdyn_start" displayName="Start" parentSchemaName="msdyn_timeentry" parentDisplayName="Time Entry" solution="msdyn_TESA (1.1.0.4)" />
        <Dependent key="2" type="26" schemaName="Time Entry Import" displayName="Time Entry Import" parentSchemaName="msdyn_timeentry" parentDisplayName="Time Entry" id="{a4d3d809-0425-eb11-a813-000d3ab1160e}" />
      </MissingDependency>
      <MissingDependency>
        <Required key="9" type="2" schemaName="statecode" displayName="Status" parentSchemaName="msdyn_timeentry" parentDisplayName="Time Entry" solution="msdyn_TESA (1.1.0.4)" />
        <Dependent key="2" type="26" schemaName="Time Entry Import" displayName="Time Entry Import" parentSchemaName="msdyn_timeentry" parentDisplayName="Time Entry" id="{a4d3d809-0425-eb11-a813-000d3ab1160e}" />
      </MissingDependency>
      <MissingDependency>
        <Required key="10" type="2" schemaName="msdyn_projecttask" displayName="Project Task" parentSchemaName="msdyn_timeentry" parentDisplayName="Time Entry" solution="ProjectService (4.4.0.70)" />
        <Dependent key="2" type="26" schemaName="Time Entry Import" displayName="Time Entry Import" parentSchemaName="msdyn_timeentry" parentDisplayName="Time Entry" id="{a4d3d809-0425-eb11-a813-000d3ab1160e}" />
      </MissingDependency>
      <MissingDependency>
        <Required key="11" type="2" schemaName="msdyn_externaldescription" displayName="External Comments" parentSchemaName="msdyn_timeentry" parentDisplayName="Time Entry" solution="msdyn_TESA (1.1.0.4)" />
        <Dependent key="2" type="26" schemaName="Time Entry Import" displayName="Time Entry Import" parentSchemaName="msdyn_timeentry" parentDisplayName="Time Entry" id="{a4d3d809-0425-eb11-a813-000d3ab1160e}" />
      </MissingDependency>
      <MissingDependency>
        <Required key="12" type="2" schemaName="createdon" displayName="Created On" parentSchemaName="msdyn_timeentry" parentDisplayName="Time Entry" solution="msdyn_TESA (1.1.0.4)" />
        <Dependent key="2" type="26" schemaName="Time Entry Import" displayName="Time Entry Import" parentSchemaName="msdyn_timeentry" parentDisplayName="Time Entry" id="{a4d3d809-0425-eb11-a813-000d3ab1160e}" />
      </MissingDependency>
      <MissingDependency>
        <Required key="13" type="2" schemaName="msdyn_type" displayName="Type" parentSchemaName="msdyn_timeentry" parentDisplayName="Time Entry" solution="msdyn_TESA (1.1.0.4)" />
        <Dependent key="2" type="26" schemaName="Time Entry Import" displayName="Time Entry Import" parentSchemaName="msdyn_timeentry" parentDisplayName="Time Entry" id="{a4d3d809-0425-eb11-a813-000d3ab1160e}" />
      </MissingDependency>
      <MissingDependency>
        <Required key="14" type="2" schemaName="msdyn_date" displayName="Date" parentSchemaName="msdyn_timeentry" parentDisplayName="Time Entry" solution="ProjectService (4.4.0.70)" />
        <Dependent key="2" type="26" schemaName="Time Entry Import" displayName="Time Entry Import" parentSchemaName="msdyn_timeentry" parentDisplayName="Time Entry" id="{a4d3d809-0425-eb11-a813-000d3ab1160e}" />
      </MissingDependency>
      <MissingDependency>
        <Required key="15" type="2" schemaName="msdyn_bookableresource" displayName="Bookable Resource" parentSchemaName="msdyn_timeentry" parentDisplayName="Time Entry" solution="msdyn_TESA (1.1.0.4)" />
        <Dependent key="2" type="26" schemaName="Time Entry Import" displayName="Time Entry Import" parentSchemaName="msdyn_timeentry" parentDisplayName="Time Entry" id="{a4d3d809-0425-eb11-a813-000d3ab1160e}" />
      </MissingDependency>
      <MissingDependency>
        <Required key="16" type="2" schemaName="msdyn_resourcecategory" displayName="Role" parentSchemaName="msdyn_timeentry" parentDisplayName="Time Entry" solution="ProjectService (4.4.0.70)" />
        <Dependent key="2" type="26" schemaName="Time Entry Import" displayName="Time Entry Import" parentSchemaName="msdyn_timeentry" parentDisplayName="Time Entry" id="{a4d3d809-0425-eb11-a813-000d3ab1160e}" />
      </MissingDependency>
      <MissingDependency>
        <Required key="17" type="2" schemaName="msdyn_duration" displayName="Duration" parentSchemaName="msdyn_timeentry" parentDisplayName="Time Entry" solution="msdyn_TESA (1.1.0.4)" />
        <Dependent key="2" type="26" schemaName="Time Entry Import" displayName="Time Entry Import" parentSchemaName="msdyn_timeentry" parentDisplayName="Time Entry" id="{a4d3d809-0425-eb11-a813-000d3ab1160e}" />
      </MissingDependency>
      <MissingDependency>
        <Required key="18" type="2" schemaName="msdyn_end" displayName="End" parentSchemaName="msdyn_timeentry" parentDisplayName="Time Entry" solution="msdyn_TESA (1.1.0.4)" />
        <Dependent key="2" type="26" schemaName="Time Entry Import" displayName="Time Entry Import" parentSchemaName="msdyn_timeentry" parentDisplayName="Time Entry" id="{a4d3d809-0425-eb11-a813-000d3ab1160e}" />
      </MissingDependency>
      <MissingDependency>
        <Required key="19" type="2" schemaName="ownerid" displayName="Owner" parentSchemaName="msdyn_timeentry" parentDisplayName="Time Entry" solution="Active" />
        <Dependent key="2" type="26" schemaName="Time Entry Import" displayName="Time Entry Import" parentSchemaName="msdyn_timeentry" parentDisplayName="Time Entry" id="{a4d3d809-0425-eb11-a813-000d3ab1160e}" />
      </MissingDependency>
      <MissingDependency>
        <Required key="1" type="1" schemaName="msdyn_projectapproval" displayName="Project Approval" solution="ProjectService (4.4.0.70)" />
        <Dependent key="20" type="26" schemaName="All Past Approvals" displayName="All Past Approvals" parentSchemaName="msdyn_projectapproval" parentDisplayName="Project Approval" id="{b37f6ca6-aa3b-eb11-a813-000d3ab1160e}" />
      </MissingDependency>
      <MissingDependency>
        <Required key="21" type="2" schemaName="msdyn_externalcomments" displayName="External Comments" parentSchemaName="msdyn_projectapproval" parentDisplayName="Project Approval" solution="ProjectService (4.4.0.70)" />
        <Dependent key="20" type="26" schemaName="All Past Approvals" displayName="All Past Approvals" parentSchemaName="msdyn_projectapproval" parentDisplayName="Project Approval" id="{b37f6ca6-aa3b-eb11-a813-000d3ab1160e}" />
      </MissingDependency>
      <MissingDependency>
        <Required key="22" type="2" schemaName="msdyn_bookableresource" displayName="Resource" parentSchemaName="msdyn_projectapproval" parentDisplayName="Project Approval" solution="ProjectService (4.4.0.70)" />
        <Dependent key="20" type="26" schemaName="All Past Approvals" displayName="All Past Approvals" parentSchemaName="msdyn_projectapproval" parentDisplayName="Project Approval" id="{b37f6ca6-aa3b-eb11-a813-000d3ab1160e}" />
      </MissingDependency>
      <MissingDependency>
        <Required key="23" type="2" schemaName="msdyn_salesprice" displayName="Sales Price" parentSchemaName="msdyn_projectapproval" parentDisplayName="Project Approval" solution="ProjectService (4.4.0.70)" />
        <Dependent key="20" type="26" schemaName="All Past Approvals" displayName="All Past Approvals" parentSchemaName="msdyn_projectapproval" parentDisplayName="Project Approval" id="{b37f6ca6-aa3b-eb11-a813-000d3ab1160e}" />
      </MissingDependency>
      <MissingDependency>
        <Required key="24" type="2" schemaName="msdyn_date" displayName="Date" parentSchemaName="msdyn_projectapproval" parentDisplayName="Project Approval" solution="ProjectService (4.4.0.70)" />
        <Dependent key="20" type="26" schemaName="All Past Approvals" displayName="All Past Approvals" parentSchemaName="msdyn_projectapproval" parentDisplayName="Project Approval" id="{b37f6ca6-aa3b-eb11-a813-000d3ab1160e}" />
      </MissingDependency>
      <MissingDependency>
        <Required key="25" type="2" schemaName="msdyn_projecttask" displayName="Project Task" parentSchemaName="msdyn_projectapproval" parentDisplayName="Project Approval" solution="ProjectService (4.4.0.70)" />
        <Dependent key="20" type="26" schemaName="All Past Approvals" displayName="All Past Approvals" parentSchemaName="msdyn_projectapproval" parentDisplayName="Project Approval" id="{b37f6ca6-aa3b-eb11-a813-000d3ab1160e}" />
      </MissingDependency>
      <MissingDependency>
        <Required key="26" type="2" schemaName="msdyn_submittedby" displayName="Submitted By" parentSchemaName="msdyn_projectapproval" parentDisplayName="Project Approval" solution="ProjectService (4.4.0.70)" />
        <Dependent key="20" type="26" schemaName="All Past Approvals" displayName="All Past Approvals" parentSchemaName="msdyn_projectapproval" parentDisplayName="Project Approval" id="{b37f6ca6-aa3b-eb11-a813-000d3ab1160e}" />
      </MissingDependency>
      <MissingDependency>
        <Required key="27" type="2" schemaName="msdyn_approvedon" displayName="Approved On" parentSchemaName="msdyn_projectapproval" parentDisplayName="Project Approval" solution="ProjectService (4.4.0.70)" />
        <Dependent key="20" type="26" schemaName="All Past Approvals" displayName="All Past Approvals" parentSchemaName="msdyn_projectapproval" parentDisplayName="Project Approval" id="{b37f6ca6-aa3b-eb11-a813-000d3ab1160e}" />
      </MissingDependency>
      <MissingDependency>
        <Required key="28" type="2" schemaName="createdon" displayName="Created On" parentSchemaName="msdyn_projectapproval" parentDisplayName="Project Approval" solution="ProjectService (4.4.0.70)" />
        <Dependent key="20" type="26" schemaName="All Past Approvals" displayName="All Past Approvals" parentSchemaName="msdyn_projectapproval" parentDisplayName="Project Approval" id="{b37f6ca6-aa3b-eb11-a813-000d3ab1160e}" />
      </MissingDependency>
      <MissingDependency>
        <Required key="29" type="2" schemaName="msdyn_billingtype" displayName="Billing Type" parentSchemaName="msdyn_projectapproval" parentDisplayName="Project Approval" solution="ProjectService (4.4.0.70)" />
        <Dependent key="20" type="26" schemaName="All Past Approvals" displayName="All Past Approvals" parentSchemaName="msdyn_projectapproval" parentDisplayName="Project Approval" id="{b37f6ca6-aa3b-eb11-a813-000d3ab1160e}" />
      </MissingDependency>
      <MissingDependency>
        <Required key="30" type="2" schemaName="msdyn_salesquantity" displayName="Billable (hrs)" parentSchemaName="msdyn_projectapproval" parentDisplayName="Project Approval" solution="ProjectService (4.4.0.70)" />
        <Dependent key="20" type="26" schemaName="All Past Approvals" displayName="All Past Approvals" parentSchemaName="msdyn_projectapproval" parentDisplayName="Project Approval" id="{b37f6ca6-aa3b-eb11-a813-000d3ab1160e}" />
      </MissingDependency>
      <MissingDependency>
        <Required key="31" type="2" schemaName="msdyn_project" displayName="Project" parentSchemaName="msdyn_projectapproval" parentDisplayName="Project Approval" solution="ProjectService (4.4.0.70)" />
        <Dependent key="20" type="26" schemaName="All Past Approvals" displayName="All Past Approvals" parentSchemaName="msdyn_projectapproval" parentDisplayName="Project Approval" id="{b37f6ca6-aa3b-eb11-a813-000d3ab1160e}" />
      </MissingDependency>
      <MissingDependency>
        <Required key="32" type="2" schemaName="msdyn_approvedby" displayName="Approved By" parentSchemaName="msdyn_projectapproval" parentDisplayName="Project Approval" solution="ProjectService (4.4.0.70)" />
        <Dependent key="20" type="26" schemaName="All Past Approvals" displayName="All Past Approvals" parentSchemaName="msdyn_projectapproval" parentDisplayName="Project Approval" id="{b37f6ca6-aa3b-eb11-a813-000d3ab1160e}" />
      </MissingDependency>
      <MissingDependency>
        <Required key="33" type="2" schemaName="msdyn_internalcomments" displayName="Internal Comments" parentSchemaName="msdyn_projectapproval" parentDisplayName="Project Approval" solution="ProjectService (4.4.0.70)" />
        <Dependent key="20" type="26" schemaName="All Past Approvals" displayName="All Past Approvals" parentSchemaName="msdyn_projectapproval" parentDisplayName="Project Approval" id="{b37f6ca6-aa3b-eb11-a813-000d3ab1160e}" />
      </MissingDependency>
      <MissingDependency>
        <Required key="34" type="2" schemaName="msdyn_recordstage" displayName="Record Stage" parentSchemaName="msdyn_projectapproval" parentDisplayName="Project Approval" solution="ProjectService (4.4.0.70)" />
        <Dependent key="20" type="26" schemaName="All Past Approvals" displayName="All Past Approvals" parentSchemaName="msdyn_projectapproval" parentDisplayName="Project Approval" id="{b37f6ca6-aa3b-eb11-a813-000d3ab1160e}" />
      </MissingDependency>
      <MissingDependency>
        <Required key="35" type="2" schemaName="msdyn_timeentry" displayName="Time Entry" parentSchemaName="msdyn_projectapproval" parentDisplayName="Project Approval" solution="ProjectService (4.4.0.70)" />
        <Dependent key="20" type="26" schemaName="All Past Approvals" displayName="All Past Approvals" parentSchemaName="msdyn_projectapproval" parentDisplayName="Project Approval" id="{b37f6ca6-aa3b-eb11-a813-000d3ab1160e}" />
      </MissingDependency>
      <MissingDependency>
        <Required key="36" type="2" schemaName="ownerid" displayName="Owner" parentSchemaName="msdyn_projectapproval" parentDisplayName="Project Approval" solution="Active" />
        <Dependent key="20" type="26" schemaName="All Past Approvals" displayName="All Past Approvals" parentSchemaName="msdyn_projectapproval" parentDisplayName="Project Approval" id="{b37f6ca6-aa3b-eb11-a813-000d3ab1160e}" />
      </MissingDependency>
      <MissingDependency>
        <Required key="37" type="2" schemaName="msdyn_costquantity" displayName="Submitted (hrs)" parentSchemaName="msdyn_projectapproval" parentDisplayName="Project Approval" solution="ProjectService (4.4.0.70)" />
        <Dependent key="20" type="26" schemaName="All Past Approvals" displayName="All Past Approvals" parentSchemaName="msdyn_projectapproval" parentDisplayName="Project Approval" id="{b37f6ca6-aa3b-eb11-a813-000d3ab1160e}" />
      </MissingDependency>
      <MissingDependency>
        <Required key="38" type="2" schemaName="msdyn_resourcecategory" displayName="Resource Role" parentSchemaName="msdyn_projectapproval" parentDisplayName="Project Approval" solution="ProjectService (4.4.0.70)" />
        <Dependent key="20" type="26" schemaName="All Past Approvals" displayName="All Past Approvals" parentSchemaName="msdyn_projectapproval" parentDisplayName="Project Approval" id="{b37f6ca6-aa3b-eb11-a813-000d3ab1160e}" />
      </MissingDependency>
      <MissingDependency>
        <Required key="39" type="2" schemaName="msdyn_projectapprovalid" displayName="ApprovalsTable" parentSchemaName="msdyn_projectapproval" parentDisplayName="Project Approval" solution="ProjectService (4.4.0.70)" />
        <Dependent key="20" type="26" schemaName="All Past Approvals" displayName="All Past Approvals" parentSchemaName="msdyn_projectapproval" parentDisplayName="Project Approval" id="{b37f6ca6-aa3b-eb11-a813-000d3ab1160e}" />
      </MissingDependency>
      <MissingDependency>
        <Required key="1" type="1" schemaName="msdyn_projectapproval" displayName="Project Approval" solution="ProjectService (4.4.0.70)" />
        <Dependent key="40" type="2" schemaName="d2d_importbatch" displayName="Import Batch" parentSchemaName="msdyn_projectapproval" parentDisplayName="Project Approval" />
      </MissingDependency>
      <MissingDependency>
        <Required key="0" type="1" schemaName="msdyn_timeentry" displayName="Time Entry" solution="msdyn_TESA (1.1.0.4)" />
        <Dependent key="41" type="2" schemaName="d2d_importbatch" displayName="Import Batch" parentSchemaName="msdyn_timeentry" parentDisplayName="Time Entry" />
      </MissingDependency>
      <MissingDependency>
        <Required key="0" type="1" schemaName="msdyn_timeentry" displayName="Time Entry" solution="msdyn_TESA (1.1.0.4)" />
        <Dependent key="42" type="2" schemaName="d2d_fromtimeentryimport" displayName="From Time Entry Import" parentSchemaName="msdyn_timeentry" parentDisplayName="Time Entry" />
      </MissingDependency>
      <MissingDependency>
        <Required key="0" type="1" schemaName="msdyn_timeentry" displayName="Time Entry" solution="msdyn_TESA (1.1.0.4)" />
        <Dependent key="43" type="29" displayName="Project Approval: Roll back Time Entry import for approved TEs" id="{0eb5827d-0e29-eb11-a813-000d3ab11b53}" />
      </MissingDependency>
      <MissingDependency>
        <Required key="1" type="1" schemaName="msdyn_projectapproval" displayName="Project Approval" solution="ProjectService (4.4.0.70)" />
        <Dependent key="43" type="29" displayName="Project Approval: Roll back Time Entry import for approved TEs" id="{0eb5827d-0e29-eb11-a813-000d3ab11b53}" />
      </MissingDependency>
      <MissingDependency>
        <Required key="44" type="connectionreference" displayName="d2d_PowerAutomateServicePrincipalConnectionReference" solution="Active" id.connectionreferencelogicalname="d2d_PowerAutomateServicePrincipalConnectionReference" />
        <Dependent key="43" type="29" displayName="Project Approval: Roll back Time Entry import for approved TEs" id="{0eb5827d-0e29-eb11-a813-000d3ab11b53}" />
      </MissingDependency>
      <MissingDependency>
        <Required key="1" type="1" schemaName="msdyn_projectapproval" displayName="Project Approval" solution="ProjectService (4.4.0.70)" />
        <Dependent key="45" type="29" displayName="Time Entry: Manually Submit and Approve Time Entries" id="{757aeffd-1e2f-eb11-a813-000d3ab1160e}" />
      </MissingDependency>
      <MissingDependency>
        <Required key="0" type="1" schemaName="msdyn_timeentry" displayName="Time Entry" solution="msdyn_TESA (1.1.0.4)" />
        <Dependent key="45" type="29" displayName="Time Entry: Manually Submit and Approve Time Entries" id="{757aeffd-1e2f-eb11-a813-000d3ab1160e}" />
      </MissingDependency>
      <MissingDependency>
        <Required key="44" type="connectionreference" displayName="d2d_PowerAutomateServicePrincipalConnectionReference" solution="Active" id.connectionreferencelogicalname="d2d_PowerAutomateServicePrincipalConnectionReference" />
        <Dependent key="45" type="29" displayName="Time Entry: Manually Submit and Approve Time Entries" id="{757aeffd-1e2f-eb11-a813-000d3ab1160e}" />
      </MissingDependency>
    </MissingDependencies>
  </SolutionManifest>
</ImportExportXml>