{"properties":{"connectionReferences":{"shared_commondataserviceforapps":{"runtimeSource":"embedded","connection":{"connectionReferenceLogicalName":"d2d_sharedcommondataserviceforapps_5c6d9"},"api":{"name":"shared_commondataserviceforapps"}},"shared_sharepointonline":{"runtimeSource":"invoker","connection":{"connectionReferenceLogicalName":"d2d_sharedsharepointonline_38b0f"},"api":{"name":"shared_sharepointonline"}},"shared_wordonlinebusiness":{"runtimeSource":"invoker","connection":{"connectionReferenceLogicalName":"d2d_sharedwordonlinebusiness_a2b0c"},"api":{"name":"shared_wordonlinebusiness"}}},"definition":{"$schema":"https://schema.management.azure.com/providers/Microsoft.Logic/schemas/2016-06-01/workflowdefinition.json#","contentVersion":"1.0.0.0","parameters":{"$connections":{"defaultValue":{},"type":"Object"},"$authentication":{"defaultValue":{},"type":"SecureObject"}},"triggers":{"manual":{"type":"Request","kind":"Button","inputs":{"schema":{"type":"object","properties":{"text":{"title":"Invoice Number","type":"string","x-ms-dynamically-added":true,"description":"TMFP, FP, TM","x-ms-content-hint":"TEXT","enum":["INV-01004-X6Y2F0","INV-01003-G7R6M8","INV-01002-N5H4Q4"]}},"required":["text"]}}}},"actions":{"List_Invoices":{"runAfter":{"Initialize_varNonChargeableFpIld":["Succeeded"]},"type":"OpenApiConnection","inputs":{"host":{"connectionName":"shared_commondataserviceforapps","operationId":"ListRecords","apiId":"/providers/Microsoft.PowerApps/apis/shared_commondataserviceforapps"},"parameters":{"entityName":"invoices","$filter":"invoicenumber eq '@{triggerBody()['text']}'"},"authentication":{"type":"Raw","value":"@json(decodeBase64(triggerOutputs().headers['X-MS-APIM-Tokens']))['$ConnectionKey']"}}},"Get_Invoice_row":{"runAfter":{"List_Invoices":["Succeeded"]},"type":"OpenApiConnection","inputs":{"host":{"connectionName":"shared_commondataserviceforapps","operationId":"GetItem","apiId":"/providers/Microsoft.PowerApps/apis/shared_commondataserviceforapps"},"parameters":{"entityName":"invoices","recordId":"@first(body('List_Invoices')?['value'])?['invoiceid']"},"authentication":{"type":"Raw","value":"@json(decodeBase64(triggerOutputs().headers['X-MS-APIM-Tokens']))['$ConnectionKey']"}},"description":"first(body('List_Invoices')?['value'])?['invoiceid']"},"Get_Account_row":{"runAfter":{"Get_Invoice_row":["Succeeded"]},"type":"OpenApiConnection","inputs":{"host":{"connectionName":"shared_commondataserviceforapps","operationId":"GetItem","apiId":"/providers/Microsoft.PowerApps/apis/shared_commondataserviceforapps"},"parameters":{"entityName":"accounts","recordId":"@outputs('Get_Invoice_row')?['body/_customerid_value']","$select":"name,accountid"},"authentication":{"type":"Raw","value":"@json(decodeBase64(triggerOutputs().headers['X-MS-APIM-Tokens']))['$ConnectionKey']"}}},"Get_Order_row":{"runAfter":{"Get_Account_row":["Succeeded"]},"type":"OpenApiConnection","inputs":{"host":{"connectionName":"shared_commondataserviceforapps","operationId":"GetItem","apiId":"/providers/Microsoft.PowerApps/apis/shared_commondataserviceforapps"},"parameters":{"entityName":"salesorders","recordId":"@outputs('Get_Invoice_row')?['body/_salesorderid_value']","$select":"name,salesorderid"},"authentication":{"type":"Raw","value":"@json(decodeBase64(triggerOutputs().headers['X-MS-APIM-Tokens']))['$ConnectionKey']"}}},"Initialize_varChargeableTmIld":{"runAfter":{"Compose_attachment_date_for_today":["Succeeded"]},"type":"InitializeVariable","inputs":{"variables":[{"name":"varChargeableTmIld","type":"array","value":[{"ProjectChargeable":"","DateChargeable":"","HoursChargeable":"","DescriptionChargeable":"","PersonChargeable":""}]}]},"description":"Chargeable T&M Invoice Line Details."},"Initialize_varNonChargeableTmIld":{"runAfter":{"Initialize_varChargeableTmIld":["Succeeded"]},"type":"InitializeVariable","inputs":{"variables":[{"name":"varNonChargeableTmIld","type":"array","value":[{"ProjectNonChargeable":"","DateNonChargeable":"","HoursNonChargeable":"","DescriptionNonChargeable":"","PersonNonChargeable":""}]}]},"description":"Non Chargeable T&M Invoice Line Details."},"Scope_for_TM_Invoice_Lines":{"actions":{"List_TM_Invoice_Lines":{"runAfter":{},"type":"OpenApiConnection","inputs":{"host":{"connectionName":"shared_commondataserviceforapps","operationId":"ListRecords","apiId":"/providers/Microsoft.PowerApps/apis/shared_commondataserviceforapps"},"parameters":{"entityName":"invoicedetails","$filter":"_invoiceid_value eq @{outputs('Get_Invoice_row')?['body/invoiceid']} and msdyn_billingmethod eq 192350000"},"authentication":{"type":"Raw","value":"@json(decodeBase64(triggerOutputs().headers['X-MS-APIM-Tokens']))['$ConnectionKey']"}}},"Compose_List_TM_Invoice_Lines_result":{"runAfter":{"List_TM_Invoice_Lines":["Succeeded"]},"type":"Compose","inputs":"@not(equals(empty(outputs('List_TM_Invoice_Lines')?['body/value']), true))","description":"not(equals(empty(outputs('List_TM_Invoice_Lines')?['body/value']), true)) - If List action is not empty, return 'true'."},"Compose_TM_or_null":{"runAfter":{"Compose_List_TM_Invoice_Lines_result":["Succeeded"]},"type":"Compose","inputs":"@if(equals(outputs('Compose_List_TM_Invoice_Lines_result'), true), 'TM', '')","description":"if(equals(outputs('Compose_List_TM_Invoice_Lines_result'), true), 'TM', '')"}},"runAfter":{"Get_Order_row":["Succeeded"]},"type":"Scope"},"Scope_for_FP_Invoice_Lines":{"actions":{"Compose_List_FP_Invoice_Lines_result":{"runAfter":{"List_FP_Invoice_Lines":["Succeeded"]},"type":"Compose","inputs":"@not(equals(empty(outputs('List_FP_Invoice_Lines')?['body/value']), true))","description":"not(equals(empty(outputs('List_FP_Invoice_Lines')?['body/value']), true))"},"Compose_FP_or_null":{"runAfter":{"Compose_List_FP_Invoice_Lines_result":["Succeeded"]},"type":"Compose","inputs":"@if(equals(outputs('Compose_List_FP_Invoice_Lines_result'), true), 'FP', '')","description":"if(equals(outputs('Compose_List_FP_Invoice_Lines_result'), true), 'FP', '')"},"List_FP_Invoice_Lines":{"runAfter":{},"type":"OpenApiConnection","inputs":{"host":{"connectionName":"shared_commondataserviceforapps","operationId":"ListRecords","apiId":"/providers/Microsoft.PowerApps/apis/shared_commondataserviceforapps"},"parameters":{"entityName":"invoicedetails","$filter":"_invoiceid_value eq @{outputs('Get_Invoice_row')?['body/invoiceid']} and msdyn_billingmethod eq 192350001"},"authentication":{"type":"Raw","value":"@json(decodeBase64(triggerOutputs().headers['X-MS-APIM-Tokens']))['$ConnectionKey']"}}}},"runAfter":{"Get_Order_row":["Succeeded"]},"type":"Scope"},"Switch_based_on_TMFP_or_TM_or_FP":{"runAfter":{"Scope_for_FP_Invoice_Lines":["Succeeded"],"Scope_for_TM_Invoice_Lines":["Succeeded"]},"cases":{"TMFP":{"case":"TMFP","actions":{"TMFP_-_Scope_for_Non_Chargeable_TM_ILDs":{"actions":{"TMFP_-_Compose_SumOfQuantity_for_Non_Chargeable_ILDs":{"runAfter":{"TMFP_-_List_Non_Chargeable_TM_Invoice_Line_Detail_rows":["Succeeded"]},"type":"Compose","inputs":"@first(outputs('TMFP_-_List_Non_Chargeable_TM_Invoice_Line_Detail_rows')?['body/value'])['SumOfQuantity']","description":"first(outputs('TMFP_-_List_Non_Chargeable_TM_Invoice_Line_Detail_rows')?['body/value'])['SumOfQuantity']"},"TMFP_-_Format_SumOfQuantity_for_Non_Chargeable_ILDs":{"runAfter":{"TMFP_-_Compose_SumOfQuantity_for_Non_Chargeable_ILDs":["Succeeded"]},"type":"Expression","kind":"FormatNumber","inputs":{"number":"@outputs('TMFP_-_Compose_SumOfQuantity_for_Non_Chargeable_ILDs')","format":"#.00","locale":"fi-FI"}},"TMFP_-_List_Non_Chargeable_TM_Invoice_Line_Detail_rows_with_all_columns":{"runAfter":{"TMFP_-_Format_SumOfQuantity_for_Non_Chargeable_ILDs":["Succeeded"]},"type":"OpenApiConnection","inputs":{"host":{"connectionName":"shared_commondataserviceforapps","operationId":"ListRecords","apiId":"/providers/Microsoft.PowerApps/apis/shared_commondataserviceforapps"},"parameters":{"entityName":"msdyn_invoicelinetransactions","$filter":"_msdyn_invoicelineid_value eq @{outputs('TMFP_-_Get_TM_Invoice_Line_row')?['body/invoicedetailid']} and msdyn_billingtype eq 192350000"},"authentication":{"type":"Raw","value":"@json(decodeBase64(triggerOutputs().headers['X-MS-APIM-Tokens']))['$ConnectionKey']"}}},"TMFP_-_Apply_to_each_listed_Non_Chargeable_TM_ILD":{"foreach":"@outputs('TMFP_-_List_Non_Chargeable_TM_Invoice_Line_Detail_rows_with_all_columns')?['body/value']","actions":{"TMFP_-_Get_Project_Task_row_for_Non_Chargeable_TM_ILD":{"runAfter":{},"type":"OpenApiConnection","inputs":{"host":{"connectionName":"shared_commondataserviceforapps","operationId":"GetItem","apiId":"/providers/Microsoft.PowerApps/apis/shared_commondataserviceforapps"},"parameters":{"entityName":"msdyn_projecttasks","recordId":"@items('TMFP_-_Apply_to_each_listed_Non_Chargeable_TM_ILD')?['_msdyn_task_value']","$select":"msdyn_subject"},"authentication":{"type":"Raw","value":"@json(decodeBase64(triggerOutputs().headers['X-MS-APIM-Tokens']))['$ConnectionKey']"}}},"Append_to_varNonChargeableTmIld":{"runAfter":{"TMFP_-_Format_msdyn_documentdate_for_Non_Chargeable_TM_ILD":["Succeeded"]},"type":"AppendToArrayVariable","inputs":{"name":"varNonChargeableTmIld","value":{"ProjectNonChargeable":"@{outputs('TMFP_-_Get_TM_Project_row')?['body/msdyn_subject']}","DateNonChargeable":"@{outputs('TMFP_-_Format_msdyn_documentdate_for_Non_Chargeable_TM_ILD')}","HoursNonChargeable":"@{items('TMFP_-_Apply_to_each_listed_Non_Chargeable_TM_ILD')?['msdyn_quantity']}","DescriptionNonChargeable":"@{coalesce(outputs('TMFP_-_External_Description_for_Non_Chargeable_TM_ILD'), '-')} @{coalesce(outputs('TMFP_-_Get_Project_Task_row_for_Non_Chargeable_TM_ILD')?['body/msdyn_subject'], '-')}","PersonNonChargeable":"@{outputs('TMFP_-_Get_Bookable_Resource_row_for_Non_Chargeable_TM_ILD')?['body/name']}"}},"description":"coalesce(outputs('TMFP_-_External_Description_for_Non_Chargeable_TM_ILD'),'-') // coalesce(outputs('TMFP_-_Get_Project_Task_row_for_Non_Chargeable_TM_ILD')?['body/msdyn_subject'],'-')"},"TMFP_-_Get_Bookable_Resource_row_for_Non_Chargeable_TM_ILD":{"runAfter":{"TMFP_-_Get_Project_Task_row_for_Non_Chargeable_TM_ILD":["Succeeded","Failed"]},"type":"OpenApiConnection","inputs":{"host":{"connectionName":"shared_commondataserviceforapps","operationId":"GetItem","apiId":"/providers/Microsoft.PowerApps/apis/shared_commondataserviceforapps"},"parameters":{"entityName":"bookableresources","recordId":"@items('TMFP_-_Apply_to_each_listed_Non_Chargeable_TM_ILD')?['_msdyn_bookableresource_value']","$select":"name"},"authentication":{"type":"Raw","value":"@json(decodeBase64(triggerOutputs().headers['X-MS-APIM-Tokens']))['$ConnectionKey']"}}},"TMFP_-_External_Description_for_Non_Chargeable_TM_ILD":{"runAfter":{"TMFP_-_Get_Bookable_Resource_row_for_Non_Chargeable_TM_ILD":["Succeeded"]},"type":"Compose","inputs":"@items('TMFP_-_Apply_to_each_listed_Non_Chargeable_TM_ILD')?['msdyn_externaldescription']"},"TMFP_-_Format_msdyn_documentdate_for_Non_Chargeable_TM_ILD":{"runAfter":{"TMFP_-_External_Description_for_Non_Chargeable_TM_ILD":["Succeeded"]},"type":"Compose","inputs":"@formatDateTime(items('TMFP_-_Apply_to_each_listed_Non_Chargeable_TM_ILD')?['msdyn_documentdate'],'dd.MM.yyyy')","description":"formatDateTime(items('TMFP_-_Apply_to_each_listed_Non_Chargeable_TM_ILD')?['msdyn_documentdate'],'dd.MM.yyyy')"}},"runAfter":{"TMFP_-_List_Non_Chargeable_TM_Invoice_Line_Detail_rows_with_all_columns":["Succeeded"]},"type":"Foreach"},"TMFP_-_List_Non_Chargeable_TM_Invoice_Line_Detail_rows":{"runAfter":{},"type":"OpenApiConnection","inputs":{"host":{"connectionName":"shared_commondataserviceforapps","operationId":"ListRecords","apiId":"/providers/Microsoft.PowerApps/apis/shared_commondataserviceforapps"},"parameters":{"entityName":"msdyn_invoicelinetransactions","fetchXml":"<fetch aggregate=\"true\">\n  <entity name=\"msdyn_invoicelinetransaction\">\n    <attribute name=\"msdyn_quantity\" alias=\"SumOfQuantity\" aggregate=\"sum\" />\n    <attribute name=\"msdyn_project\" alias=\"Project\" groupby=\"true\" />\n    <filter>\n      <condition attribute=\"msdyn_invoicelineid\" operator=\"eq\" value=\"@{outputs('TMFP_-_Get_TM_Invoice_Line_row')?['body/invoicedetailid']}\" />\n      <condition attribute=\"msdyn_billingtype\" operator=\"eq\" value=\"192350000\" />\n    </filter>\n  </entity>\n</fetch>"},"authentication":{"type":"Raw","value":"@json(decodeBase64(triggerOutputs().headers['X-MS-APIM-Tokens']))['$ConnectionKey']"}},"description":"This is for sum total of Quantity i.e. total non chargeable hours. @{outputs('TMFP_-_Get_TM_Invoice_Line_row')?['body/invoicedetailid']}"}},"runAfter":{"TMFP_-_Get_TM_Project_row":["Succeeded"]},"type":"Scope"},"TMFP_-_Scope_for_Chargeable_TM_ILDs":{"actions":{"TMFP_-_List_Chargeable_TM_Invoice_Line_Detail_rows":{"runAfter":{},"type":"OpenApiConnection","inputs":{"host":{"connectionName":"shared_commondataserviceforapps","operationId":"ListRecords","apiId":"/providers/Microsoft.PowerApps/apis/shared_commondataserviceforapps"},"parameters":{"entityName":"msdyn_invoicelinetransactions","fetchXml":"<fetch aggregate=\"true\">\n  <entity name=\"msdyn_invoicelinetransaction\">\n    <attribute name=\"msdyn_quantity\" alias=\"SumOfQuantity\" aggregate=\"sum\" />\n    <attribute name=\"msdyn_amount\" alias=\"TmIldAmount\" aggregate=\"sum\" />\n    <attribute name=\"msdyn_project\" alias=\"Project\" groupby=\"true\" />\n    <filter>\n      <condition attribute=\"msdyn_invoicelineid\" operator=\"eq\" value=\"@{outputs('TMFP_-_Get_TM_Invoice_Line_row')?['body/invoicedetailid']}\" />\n      <condition attribute=\"msdyn_billingtype\" operator=\"eq\" value=\"192350001\" />\n    </filter>\n  </entity>\n</fetch>"},"authentication":{"type":"Raw","value":"@json(decodeBase64(triggerOutputs().headers['X-MS-APIM-Tokens']))['$ConnectionKey']"}},"description":"This is for total amount of all chargeable TM ILDs i.e. sum total."},"TMFP_-_Compose_SumOfQuantity_for_Chargeable_TM_ILDs":{"runAfter":{"TMFP_-_List_Chargeable_TM_Invoice_Line_Detail_rows":["Succeeded"]},"type":"Compose","inputs":"@first(outputs('TMFP_-_List_Chargeable_TM_Invoice_Line_Detail_rows')?['body/value'])['SumOfQuantity']","description":"first(outputs('TMFP_-_List_Chargeable_TM_Invoice_Line_Detail_rows')?['body/value'])['SumOfQuantity']"},"TMFP_-_Compose_TM_IldAmount":{"runAfter":{"TMFP_-_Compose_SumOfQuantity_for_Chargeable_TM_ILDs":["Succeeded"]},"type":"Compose","inputs":"@first(outputs('TMFP_-_List_Chargeable_TM_Invoice_Line_Detail_rows')?['body/value'])['TmIldAmount']","description":"first(outputs('TMFP_-_List_Chargeable_TM_Invoice_Line_Detail_rows')?['body/value'])['TmIldAmount']"},"TMFP_-_Format_SumOfQuantity_for_Chargeable_TM_ILDs":{"runAfter":{"TMFP_-_Compose_TM_IldAmount":["Succeeded"]},"type":"Expression","kind":"FormatNumber","inputs":{"number":"@outputs('TMFP_-_Compose_SumOfQuantity_for_Chargeable_TM_ILDs')","format":"#.00","locale":"fi-FI"}},"TMFP_-_Format_TmIldAmount":{"runAfter":{"TMFP_-_Format_SumOfQuantity_for_Chargeable_TM_ILDs":["Succeeded"]},"type":"Expression","kind":"FormatNumber","inputs":{"number":"@outputs('TMFP_-_Compose_TM_IldAmount')","format":"#.00","locale":"fi-FI"}},"TMFP_-_List_Chargeable_TM_Invoice_Line_Detail_rows_with_all_columns":{"runAfter":{"TMFP_-_Format_TmIldAmount":["Succeeded"]},"type":"OpenApiConnection","inputs":{"host":{"connectionName":"shared_commondataserviceforapps","operationId":"ListRecords","apiId":"/providers/Microsoft.PowerApps/apis/shared_commondataserviceforapps"},"parameters":{"entityName":"msdyn_invoicelinetransactions","$filter":"_msdyn_invoicelineid_value eq @{outputs('TMFP_-_Get_TM_Invoice_Line_row')?['body/invoicedetailid']} and msdyn_billingtype eq 192350001"},"authentication":{"type":"Raw","value":"@json(decodeBase64(triggerOutputs().headers['X-MS-APIM-Tokens']))['$ConnectionKey']"}}},"TMFP_-_Apply_to_each_listed_Chargeable_TM_ILD":{"foreach":"@outputs('TMFP_-_List_Chargeable_TM_Invoice_Line_Detail_rows_with_all_columns')?['body/value']","actions":{"TMFP_-_Get_Project_Task_row_for_Chargeable_TM_ILD":{"runAfter":{},"type":"OpenApiConnection","inputs":{"host":{"connectionName":"shared_commondataserviceforapps","operationId":"GetItem","apiId":"/providers/Microsoft.PowerApps/apis/shared_commondataserviceforapps"},"parameters":{"entityName":"msdyn_projecttasks","recordId":"@items('TMFP_-_Apply_to_each_listed_Chargeable_TM_ILD')?['_msdyn_task_value']","$select":"msdyn_subject"},"authentication":{"type":"Raw","value":"@json(decodeBase64(triggerOutputs().headers['X-MS-APIM-Tokens']))['$ConnectionKey']"}}},"Append_to_varChargeableTmIld":{"runAfter":{"TMFP_-_Format_msdyn_documentdate_for_Chargeable_TM_ILD":["Succeeded"]},"type":"AppendToArrayVariable","inputs":{"name":"varChargeableTmIld","value":{"ProjectChargeable":"@{outputs('TMFP_-_Get_TM_Project_row')?['body/msdyn_subject']}","DateChargeable":"@{outputs('TMFP_-_Format_msdyn_documentdate_for_Chargeable_TM_ILD')}","HoursChargeable":"@{items('TMFP_-_Apply_to_each_listed_Chargeable_TM_ILD')?['msdyn_quantity']}","DescriptionChargeable":"@{coalesce(outputs('TMFP_-_External_Description_for_Chargeable_TM_ILD'), '-')} @{coalesce(outputs('TMFP_-_Get_Project_Task_row_for_Chargeable_TM_ILD')?['body/msdyn_subject'], '-')}","PersonChargeable":"@{outputs('TMFP_-_Get_Bookable_Resource_row_for_Chargeable_TM_ILD')?['body/name']}"}},"description":"coalesce(outputs('TMFP_-_External_Description_for_Chargeable_TM_ILD'),'-') // coalesce(outputs('TMFP_-_Get_Project_Task_row_for_Chargeable_TM_ILD')?['body/msdyn_subject'],'-')"},"TMFP_-_Get_Bookable_Resource_row_for_Chargeable_TM_ILD":{"runAfter":{"TMFP_-_Get_Project_Task_row_for_Chargeable_TM_ILD":["Succeeded","Failed"]},"type":"OpenApiConnection","inputs":{"host":{"connectionName":"shared_commondataserviceforapps","operationId":"GetItem","apiId":"/providers/Microsoft.PowerApps/apis/shared_commondataserviceforapps"},"parameters":{"entityName":"bookableresources","recordId":"@items('TMFP_-_Apply_to_each_listed_Chargeable_TM_ILD')?['_msdyn_bookableresource_value']","$select":"name"},"authentication":{"type":"Raw","value":"@json(decodeBase64(triggerOutputs().headers['X-MS-APIM-Tokens']))['$ConnectionKey']"}}},"TMFP_-_External_Description_for_Chargeable_TM_ILD":{"runAfter":{"TMFP_-_Get_Bookable_Resource_row_for_Chargeable_TM_ILD":["Succeeded"]},"type":"Compose","inputs":"@items('TMFP_-_Apply_to_each_listed_Chargeable_TM_ILD')?['msdyn_externaldescription']"},"TMFP_-_Format_msdyn_documentdate_for_Chargeable_TM_ILD":{"runAfter":{"TMFP_-_External_Description_for_Chargeable_TM_ILD":["Succeeded"]},"type":"Compose","inputs":"@formatDateTime(items('TMFP_-_Apply_to_each_listed_Chargeable_TM_ILD')?['msdyn_documentdate'],'dd.MM.yyyy')","description":"formatDateTime(items('TMFP_-_Apply_to_each_listed_Chargeable_TM_ILD')?['msdyn_documentdate'],'dd.MM.yyyy')"}},"runAfter":{"TMFP_-_List_Chargeable_TM_Invoice_Line_Detail_rows_with_all_columns":["Succeeded"]},"type":"Foreach"}},"runAfter":{"TMFP_-_Scope_for_Non_Chargeable_TM_ILDs":["Succeeded"]},"type":"Scope"},"TMFP_-_Scope_for_Non_Chargeable_FP_ILDs":{"actions":{"TMFP_-_Apply_to_each_listed_Non_Chargeable_FP_ILD":{"foreach":"@outputs('TMFP_-_List_Non_Chargeable_FP_Invoice_Line_Detail_rows_with_all_columns')?['body/value']","actions":{"TMFP_-_Get_Project_Task_row_for_Non_Chargeable_FP_ILD":{"runAfter":{},"type":"OpenApiConnection","inputs":{"host":{"connectionName":"shared_commondataserviceforapps","operationId":"GetItem","apiId":"/providers/Microsoft.PowerApps/apis/shared_commondataserviceforapps"},"parameters":{"entityName":"msdyn_projecttasks","recordId":"@items('TMFP_-_Apply_to_each_listed_Non_Chargeable_FP_ILD')?['_msdyn_task_value']","$select":"msdyn_subject"},"authentication":{"type":"Raw","value":"@json(decodeBase64(triggerOutputs().headers['X-MS-APIM-Tokens']))['$ConnectionKey']"}}},"Append_to_varNonChargeableFpIld":{"runAfter":{"TMFP_-_Format_msdyn_documentdate_for_Non_Chargeable_FP_ILD":["Succeeded"]},"type":"AppendToArrayVariable","inputs":{"name":"varNonChargeableFpIld","value":{"ProjectMilestoneNonChargeable":"@{outputs('TMFP_-_Get_FP_Project_row')?['body/msdyn_subject']}","MilestoneDateNonChargeable":"@{outputs('TMFP_-_Format_msdyn_documentdate_for_Non_Chargeable_FP_ILD')}","DescriptionMilestoneNonChargeable":"@{coalesce(outputs('TMFP_-_External_Description_for_Non_Chargeable_FP_ILD'), '-')} @{coalesce(outputs('TMFP_-_Get_Project_Task_row_for_Non_Chargeable_FP_ILD')?['body/msdyn_subject'], '-')}"}},"description":"coalesce(outputs('TMFP_-_External_Description_for_Non_Chargeable_FP_ILD'),'-') // coalesce(outputs('TMFP_-_Get_Project_Task_row_for_Non_Chargeable_FP_ILD')?['body/msdyn_subject'],'-')"},"TMFP_-_External_Description_for_Non_Chargeable_FP_ILD":{"runAfter":{"TMFP_-_Get_Project_Task_row_for_Non_Chargeable_FP_ILD":["Succeeded","Failed"]},"type":"Compose","inputs":"@items('TMFP_-_Apply_to_each_listed_Non_Chargeable_FP_ILD')?['msdyn_externaldescription']"},"TMFP_-_Format_msdyn_documentdate_for_Non_Chargeable_FP_ILD":{"runAfter":{"TMFP_-_External_Description_for_Non_Chargeable_FP_ILD":["Succeeded"]},"type":"Compose","inputs":"@\r\nformatDateTime(items('TMFP_-_Apply_to_each_listed_Non_Chargeable_FP_ILD')?['msdyn_documentdate'],'dd.MM.yyyy')","description":" formatDateTime(items('TMFP_-_Apply_to_each_listed_Non_Chargeable_FP_ILD')?['msdyn_documentdate'],'dd.MM.yyyy')"}},"runAfter":{"TMFP_-_List_Non_Chargeable_FP_Invoice_Line_Detail_rows_with_all_columns":["Succeeded"]},"type":"Foreach"},"TMFP_-_List_Non_Chargeable_FP_Invoice_Line_Detail_rows_with_all_columns":{"runAfter":{},"type":"OpenApiConnection","inputs":{"host":{"connectionName":"shared_commondataserviceforapps","operationId":"ListRecords","apiId":"/providers/Microsoft.PowerApps/apis/shared_commondataserviceforapps"},"parameters":{"entityName":"msdyn_invoicelinetransactions","$filter":"_msdyn_invoicelineid_value eq @{outputs('TMFP_-_Get_FP_Invoice_Line_row')?['body/invoicedetailid']} and msdyn_billingtype eq 192350000"},"authentication":{"type":"Raw","value":"@json(decodeBase64(triggerOutputs().headers['X-MS-APIM-Tokens']))['$ConnectionKey']"}}}},"runAfter":{"TMFP_-_Get_FP_Project_row":["Succeeded"]},"type":"Scope"},"Explain_TMFP":{"runAfter":{},"type":"Compose","inputs":"TMFP runs when switch returns TMFP. In this case, an invoice has both T&M and Fixed Price invoice lines."},"TMFP_-_Get_TM_Invoice_Line_row":{"runAfter":{"Explain_TMFP":["Succeeded"]},"type":"OpenApiConnection","inputs":{"host":{"connectionName":"shared_commondataserviceforapps","operationId":"GetItem","apiId":"/providers/Microsoft.PowerApps/apis/shared_commondataserviceforapps"},"parameters":{"entityName":"invoicedetails","recordId":"@first(body('List_TM_Invoice_Lines')?['value'])?['invoicedetailid']"},"authentication":{"type":"Raw","value":"@json(decodeBase64(triggerOutputs().headers['X-MS-APIM-Tokens']))['$ConnectionKey']"}},"description":"first(body('List_TM_Invoice_Lines')?['value'])?['invoicedetailid']"},"TMFP_-_Get_FP_Invoice_Line_row":{"runAfter":{"Explain_TMFP":["Succeeded"]},"type":"OpenApiConnection","inputs":{"host":{"connectionName":"shared_commondataserviceforapps","operationId":"GetItem","apiId":"/providers/Microsoft.PowerApps/apis/shared_commondataserviceforapps"},"parameters":{"entityName":"invoicedetails","recordId":"@first(body('List_FP_Invoice_Lines')?['value'])?['invoicedetailid']"},"authentication":{"type":"Raw","value":"@json(decodeBase64(triggerOutputs().headers['X-MS-APIM-Tokens']))['$ConnectionKey']"}},"description":"first(body('List_FP_Invoice_Lines')?['value'])?['invoicedetailid']"},"TMFP_-_Get_TM_Project_row":{"runAfter":{"TMFP_-_Get_TM_Invoice_Line_row":["Succeeded"]},"type":"OpenApiConnection","inputs":{"host":{"connectionName":"shared_commondataserviceforapps","operationId":"GetItem","apiId":"/providers/Microsoft.PowerApps/apis/shared_commondataserviceforapps"},"parameters":{"entityName":"msdyn_projects","recordId":"@outputs('TMFP_-_Get_TM_Invoice_Line_row')?['body/_msdyn_project_value']","$select":"msdyn_subject"},"authentication":{"type":"Raw","value":"@json(decodeBase64(triggerOutputs().headers['X-MS-APIM-Tokens']))['$ConnectionKey']"}}},"TMFP_-_Get_FP_Project_row":{"runAfter":{"TMFP_-_Get_FP_Invoice_Line_row":["Succeeded"]},"type":"OpenApiConnection","inputs":{"host":{"connectionName":"shared_commondataserviceforapps","operationId":"GetItem","apiId":"/providers/Microsoft.PowerApps/apis/shared_commondataserviceforapps"},"parameters":{"entityName":"msdyn_projects","recordId":"@outputs('TMFP_-_Get_FP_Invoice_Line_row')?['body/_msdyn_project_value']"},"authentication":{"type":"Raw","value":"@json(decodeBase64(triggerOutputs().headers['X-MS-APIM-Tokens']))['$ConnectionKey']"}}},"TMFP_-_Scope_for_Chargeable_FP_ILDs":{"actions":{"TMFP_-_List_Chargeable_FP_Invoice_Line_Detail_rows":{"runAfter":{},"type":"OpenApiConnection","inputs":{"host":{"connectionName":"shared_commondataserviceforapps","operationId":"ListRecords","apiId":"/providers/Microsoft.PowerApps/apis/shared_commondataserviceforapps"},"parameters":{"entityName":"msdyn_invoicelinetransactions","fetchXml":"<fetch aggregate=\"true\">\n  <entity name=\"msdyn_invoicelinetransaction\">\n    <attribute name=\"msdyn_amount\" alias=\"FpIldAmount\" aggregate=\"sum\" />\n    <attribute name=\"msdyn_project\" alias=\"Project\" groupby=\"true\" />\n    <filter>\n      <condition attribute=\"msdyn_invoicelineid\" operator=\"eq\" value=\"@{outputs('TMFP_-_Get_FP_Invoice_Line_row')?['body/invoicedetailid']}\" />\n      <condition attribute=\"msdyn_billingtype\" operator=\"eq\" value=\"192350001\" />\n    </filter>\n  </entity>\n</fetch>"},"authentication":{"type":"Raw","value":"@json(decodeBase64(triggerOutputs().headers['X-MS-APIM-Tokens']))['$ConnectionKey']"}}},"TMFP_-_Compose_FP_IldAmount":{"runAfter":{"TMFP_-_List_Chargeable_FP_Invoice_Line_Detail_rows":["Succeeded"]},"type":"Compose","inputs":"@first(outputs('TMFP_-_List_Chargeable_FP_Invoice_Line_Detail_rows')?['body/value'])['FpIldAmount']","description":"first(outputs('TMFP_-_List_Chargeable_FP_Invoice_Line_Detail_rows')?['body/value'])['FpIldAmount']"},"TMFP_-_Format_FpIldAmount":{"runAfter":{"TMFP_-_Compose_FP_IldAmount":["Succeeded"]},"type":"Expression","kind":"FormatNumber","inputs":{"number":"@outputs('TMFP_-_Compose_FP_IldAmount')","format":"#.00","locale":"fi-FI"}},"TMFP_-_List_Chargeable_FP_Invoice_Line_Detail_rows_with_all_columns":{"runAfter":{"TMFP_-_Format_FpIldAmount":["Succeeded"]},"type":"OpenApiConnection","inputs":{"host":{"connectionName":"shared_commondataserviceforapps","operationId":"ListRecords","apiId":"/providers/Microsoft.PowerApps/apis/shared_commondataserviceforapps"},"parameters":{"entityName":"msdyn_invoicelinetransactions","$filter":"_msdyn_invoicelineid_value eq @{outputs('TMFP_-_Get_FP_Invoice_Line_row')?['body/invoicedetailid']} and msdyn_billingtype eq 192350001"},"authentication":{"type":"Raw","value":"@json(decodeBase64(triggerOutputs().headers['X-MS-APIM-Tokens']))['$ConnectionKey']"}}},"TMFP_-_Apply_to_each_listed_Chargeable_FP_ILD":{"foreach":"@outputs('TMFP_-_List_Chargeable_FP_Invoice_Line_Detail_rows_with_all_columns')?['body/value']","actions":{"TMFP_-_Get_Project_Task_row_for_Chargeable_FP_ILD":{"runAfter":{},"type":"OpenApiConnection","inputs":{"host":{"connectionName":"shared_commondataserviceforapps","operationId":"GetItem","apiId":"/providers/Microsoft.PowerApps/apis/shared_commondataserviceforapps"},"parameters":{"entityName":"msdyn_projecttasks","recordId":"@items('TMFP_-_Apply_to_each_listed_Chargeable_FP_ILD')?['_msdyn_task_value']"},"authentication":{"type":"Raw","value":"@json(decodeBase64(triggerOutputs().headers['X-MS-APIM-Tokens']))['$ConnectionKey']"}}},"Append_to_varChargeableFpIld":{"runAfter":{"TMFP_-_Format_msdyn_documentdate_for_Chargeable_FP_ILD":["Succeeded"]},"type":"AppendToArrayVariable","inputs":{"name":"varChargeableFpIld","value":{"ProjectMilestoneChargeable":"@{outputs('TMFP_-_Get_FP_Project_row')?['body/msdyn_subject']}","MilestoneDateChargeable":"@{outputs('TMFP_-_Format_msdyn_documentdate_for_Chargeable_FP_ILD')}","DescriptionMilestoneChargeable":"@{coalesce(outputs('TMFP_-_External_Description_for_Chargeable_FP_ILD'),'-')} @{coalesce(outputs('TMFP_-_Get_Project_Task_row_for_Chargeable_FP_ILD')?['body/msdyn_subject'],'-')}"}},"description":"coalesce(outputs('TMFP_-_External_Description_for_Chargeable_FP_ILD'),'-') // coalesce(outputs('TMFP_-_Get_Project_Task_row_for_Chargeable_FP_ILD')?['body/msdyn_subject'],'-')"},"TMFP_-_External_Description_for_Chargeable_FP_ILD":{"runAfter":{"TMFP_-_Get_Project_Task_row_for_Chargeable_FP_ILD":["Succeeded","Failed"]},"type":"Compose","inputs":"@items('TMFP_-_Apply_to_each_listed_Chargeable_FP_ILD')?['msdyn_externaldescription']"},"TMFP_-_Format_msdyn_documentdate_for_Chargeable_FP_ILD":{"runAfter":{"TMFP_-_External_Description_for_Chargeable_FP_ILD":["Succeeded"]},"type":"Compose","inputs":"@\r\nformatDateTime(items('TMFP_-_Apply_to_each_listed_Chargeable_FP_ILD')?['msdyn_documentdate'],'dd.MM.yyyy')","description":" formatDateTime(items('TMFP_-_Apply_to_each_listed_Chargeable_FP_ILD')?['msdyn_documentdate'],'dd.MM.yyyy')"}},"runAfter":{"TMFP_-_List_Chargeable_FP_Invoice_Line_Detail_rows_with_all_columns":["Succeeded"]},"type":"Foreach"}},"runAfter":{"TMFP_-_Scope_for_Non_Chargeable_FP_ILDs":["Succeeded"]},"type":"Scope"},"TMFP_-_Word_and_SharePoint_actions":{"actions":{"TMFP_-_Create_Word_doc_in_SharePoint":{"runAfter":{"TMFP_-_Populate_a_Microsoft_Word_template_from_ILDs":["Succeeded"]},"type":"OpenApiConnection","inputs":{"host":{"connectionName":"shared_sharepointonline","operationId":"CreateFile","apiId":"/providers/Microsoft.PowerApps/apis/shared_sharepointonline"},"parameters":{"dataset":"https://powerbimvps.sharepoint.com/sites/MVPAnttiPajunenPowerAutomateDemoSite","folderPath":"/Shared Documents","name":"@{outputs('Get_Account_row')?['body/name']}-@{outputs('Get_Invoice_row')?['body/invoicenumber']}-@{outputs('Compose_attachment_date_for_today')}.docx","body":"@outputs('TMFP_-_Populate_a_Microsoft_Word_template_from_ILDs')?['body']"},"authentication":{"type":"Raw","value":"@json(decodeBase64(triggerOutputs().headers['X-MS-APIM-Tokens']))['$ConnectionKey']"}},"runtimeConfiguration":{"contentTransfer":{"transferMode":"Chunked"}}},"TMFP_-_Convert_Word_Document_to_PDF":{"runAfter":{"TMFP_-_Create_Word_doc_in_SharePoint":["Succeeded"]},"type":"OpenApiConnection","inputs":{"host":{"connectionName":"shared_wordonlinebusiness","operationId":"GetFilePDF","apiId":"/providers/Microsoft.PowerApps/apis/shared_wordonlinebusiness"},"parameters":{"source":"groups/05181cc8-b2a8-453e-973c-3834042ee6c5","drive":"b!KDtzMWA0zEuYr8G2ecqOmkGVKiiafElEi3NRoEcdMX4zCBJCK_PPQJpOBEpqZLjq","file":"@outputs('TMFP_-_Create_Word_doc_in_SharePoint')?['body/DisplayName']"},"authentication":{"type":"Raw","value":"@json(decodeBase64(triggerOutputs().headers['X-MS-APIM-Tokens']))['$ConnectionKey']"}}},"TMFP_-_Create_PDF_doc_in_SharePoint":{"runAfter":{"TMFP_-_Convert_Word_Document_to_PDF":["Succeeded"]},"type":"OpenApiConnection","inputs":{"host":{"connectionName":"shared_sharepointonline","operationId":"CreateFile","apiId":"/providers/Microsoft.PowerApps/apis/shared_sharepointonline"},"parameters":{"dataset":"https://powerbimvps.sharepoint.com/sites/MVPAnttiPajunenPowerAutomateDemoSite","folderPath":"/Shared Documents","name":"@{outputs('Get_Account_row')?['body/name']}-@{outputs('Get_Invoice_row')?['body/invoicenumber']}-@{outputs('Compose_attachment_date_for_today')}.pdf","body":"@outputs('TMFP_-_Convert_Word_Document_to_PDF')?['body']"},"authentication":{"type":"Raw","value":"@json(decodeBase64(triggerOutputs().headers['X-MS-APIM-Tokens']))['$ConnectionKey']"}},"runtimeConfiguration":{"contentTransfer":{"transferMode":"Chunked"}}},"TMFP_-_Populate_a_Microsoft_Word_template_from_ILDs":{"runAfter":{},"metadata":{"014WKB67LCMI4IHYTGQBAJC43DQ2MZG5PC":"/TMFP - Word template for invoice attachments V1.docx"},"type":"OpenApiConnection","inputs":{"host":{"connectionName":"shared_wordonlinebusiness","operationId":"CreateFileItem","apiId":"/providers/Microsoft.PowerApps/apis/shared_wordonlinebusiness"},"parameters":{"source":"groups/05181cc8-b2a8-453e-973c-3834042ee6c5","drive":"b!KDtzMWA0zEuYr8G2ecqOmkGVKiiafElEi3NRoEcdMX4zCBJCK_PPQJpOBEpqZLjq","file":"014WKB67LCMI4IHYTGQBAJC43DQ2MZG5PC","dynamicFileSchema/442880877":"@variables('varNonChargeableTmIld')","dynamicFileSchema/1555423679":"@outputs('Get_Account_row')?['body/name']","dynamicFileSchema/1561986415":"@outputs('TMFP_-_Format_FpIldAmount')?['body']","dynamicFileSchema/2025281055":"@outputs('TMFP_-_Format_SumOfQuantity_for_Chargeable_TM_ILDs')?['body']","dynamicFileSchema/-1145119676":"@variables('varChargeableTmIld')","dynamicFileSchema/-1216726824":"@outputs('TMFP_-_Format_TmIldAmount')?['body']","dynamicFileSchema/-543134061":"@outputs('TMFP_-_Format_SumOfQuantity_for_Non_Chargeable_ILDs')?['body']","dynamicFileSchema/-1287184134":"@variables('varChargeableFpIld')","dynamicFileSchema/-1366593788":"@variables('varNonChargeableFpIld')","dynamicFileSchema/-113527198":"@outputs('Get_Invoice_row')?['body/invoicenumber']"},"authentication":{"type":"Raw","value":"@json(decodeBase64(triggerOutputs().headers['X-MS-APIM-Tokens']))['$ConnectionKey']"}}}},"runAfter":{"TMFP_-_Scope_for_Chargeable_FP_ILDs":["Succeeded"],"TMFP_-_Scope_for_Chargeable_TM_ILDs":["Succeeded"]},"type":"Scope"}}},"TM":{"case":"TM","actions":{"TM_-_this_branch_is_unfinished":{"runAfter":{},"type":"Compose","inputs":"TM"}}},"FP":{"case":"FP","actions":{"FP_-_this_branch_is_unfinished":{"runAfter":{},"type":"Compose","inputs":"FP"}}}},"default":{"actions":{"Terminate_as_cancelled":{"runAfter":{},"type":"Terminate","inputs":{"runStatus":"Cancelled"}}}},"expression":"@{outputs('Compose_TM_or_null')}@{outputs('Compose_FP_or_null')}","type":"Switch","description":"@{outputs('Compose_TM_or_null')} // @{outputs('Compose_FP_or_null')}"},"Initialize_varNonChargeableFpIld":{"runAfter":{"Initialize_varChargeableFpIld":["Succeeded"]},"type":"InitializeVariable","inputs":{"variables":[{"name":"varNonChargeableFpIld","type":"array","value":[{"ProjectMilestoneNonChargeable":"","MilestoneDateNonChargeable":"","DescriptionMilestoneNonChargeable":""}]}]},"description":"Non Chargeable FP Invoice Line Details i.e. Milestones."},"Initialize_varChargeableFpIld":{"runAfter":{"Initialize_varNonChargeableTmIld":["Succeeded"]},"type":"InitializeVariable","inputs":{"variables":[{"name":"varChargeableFpIld","type":"array","value":[{"ProjectMilestoneChargeable":"","MilestoneDateChargeable":"","DescriptionMilestoneChargeable":""}]}]},"description":"Chargeable FP Invoice Line Details i.e. Milestones."},"Flow_description":{"runAfter":{},"type":"Compose","inputs":"This flow creates an invoice attachment for invoices that have a single Fixed Price Invoice Line and/or a single T&M Invoice Line. Multiple different projects on one invoice are not supported. The created attachment is based on:\n\n- T&M and FP Invoice Lines, Chargeable and Non Chargeable\nOR\n- T&M Invoice Lines, Chargeable and Non Chargeable\nOR\n- FP Invoice Lines, Chargeable and Non Chargeable\n\nThere are three variations of the invoice attachment depending on the aforementioned conditions. Word templates in SharePoint are used to create the attachments as PDF documents."},"Compose_attachment_date_for_today":{"runAfter":{"Flow_description":["Succeeded"]},"type":"Compose","inputs":"@formatDateTime(utcNow(),'dd-MM-yyyyTHH-mm-ssZ')","description":"formatDateTime(utcNow(),'dd-MM-yyyyTHH-mm-ssZ')"}},"outputs":{}}},"schemaVersion":"1.0.0.0"}