{
  "properties": {
    "connectionReferences": {
      "shared_commondataserviceforapps": {
        "runtimeSource": "embedded",
        "connection": {
          "connectionReferenceLogicalName": "d2d_sharedcommondataserviceforapps_5c6d9"
        },
        "api": {
          "name": "shared_commondataserviceforapps"
        }
      }
    },
    "definition": {
      "$schema": "https://schema.management.azure.com/providers/Microsoft.Logic/schemas/2016-06-01/workflowdefinition.json#",
      "contentVersion": "1.0.0.0",
      "parameters": {
        "$connections": {
          "defaultValue": {},
          "type": "Object"
        },
        "$authentication": {
          "defaultValue": {},
          "type": "SecureObject"
        }
      },
      "triggers": {
        "manual": {
          "metadata": {
            "operationMetadataId": "a4fd9158-9312-4639-99d4-647d2fff71dd"
          },
          "type": "Request",
          "kind": "Http",
          "inputs": {
            "schema": {
              "type": "object",
              "properties": {
                "UserId": {
                  "type": "string"
                },
                "UserName": {
                  "type": "string"
                }
              }
            }
          }
        }
      },
      "actions": {
        "UserId": {
          "runAfter": {
            "varDayOfWeek": [
              "Succeeded"
            ]
          },
          "metadata": {
            "operationMetadataId": "51da1dac-6a24-4b72-86d4-2aa30e0d7a0a"
          },
          "type": "Compose",
          "inputs": "@substring(triggerBody()?['UserId'],1,sub(length(triggerBody()?['UserId']),2))",
          "description": "substring(triggerBody()?['UserId'],1,sub(length(triggerBody()?['UserId']),2))"
        },
        "UserName": {
          "runAfter": {
            "UserId": [
              "Succeeded"
            ]
          },
          "metadata": {
            "operationMetadataId": "016942b6-850c-43af-b9b5-dc83a8d25a19"
          },
          "type": "Compose",
          "inputs": "@triggerBody()?['UserName']"
        },
        "Date_for_today": {
          "runAfter": {
            "UserName": [
              "Succeeded"
            ]
          },
          "metadata": {
            "operationMetadataId": "5d76ed5b-cf5a-44a6-981f-06d1e90e72d9"
          },
          "type": "Compose",
          "inputs": "@formatDateTime(utcNow(),'yyyy-MM-ddT07:00:00Z')",
          "description": "formatDateTime(utcNow(),'yyyy-MM-ddT07:00:00Z')"
        },
        "dayofWeek": {
          "runAfter": {
            "Date_for_today": [
              "Succeeded"
            ]
          },
          "metadata": {
            "operationMetadataId": "2e8bd0c7-5307-472a-b524-4e9096d0ae51"
          },
          "type": "Compose",
          "inputs": "@dayOfWeek(utcNow())",
          "description": "dayOfWeek(utcNow())"
        },
        "Switch": {
          "runAfter": {
            "bookableresourceid": [
              "Succeeded"
            ]
          },
          "cases": {
            "1_-_Mon": {
              "case": 1,
              "actions": {
                "Monday_from_Monday": {
                  "runAfter": {},
                  "type": "Compose",
                  "inputs": "@formatDateTime(utcNow(),'yyyy-MM-ddT07:00:00Z')",
                  "description": "formatDateTime(utcNow(),'yyyy-MM-ddT07:00:00Z')"
                },
                "Sunday_from_Monday": {
                  "runAfter": {
                    "Monday_from_Monday": [
                      "Succeeded"
                    ]
                  },
                  "type": "Compose",
                  "inputs": "@addDays(formatDateTime(utcNow(),'yyyy-MM-ddT07:00:00Z'),6)",
                  "description": "addDays(formatDateTime(utcNow(),'yyyy-MM-ddT07:00:00Z'),6)"
                },
                "List_RAs_Monday": {
                  "runAfter": {
                    "Sunday_from_Monday": [
                      "Succeeded"
                    ]
                  },
                  "type": "OpenApiConnection",
                  "inputs": {
                    "host": {
                      "connectionName": "shared_commondataserviceforapps",
                      "operationId": "ListRecords",
                      "apiId": "/providers/Microsoft.PowerApps/apis/shared_commondataserviceforapps"
                    },
                    "parameters": {
                      "entityName": "msdyn_resourceassignments",
                      "$filter": "_msdyn_bookableresourceid_value eq '@{outputs('bookableresourceid')}' and msdyn_start le '@{outputs('Sunday_from_Monday')}' and msdyn_finish ge '@{outputs('Monday_from_Monday')}'",
                      "$expand": "msdyn_projectid($select=msdyn_subject),msdyn_taskid($select=msdyn_subject),msdyn_projectteamid($select=msdyn_projectteamid;$expand=msdyn_resourcecategory($select=name,bookableresourcecategoryid))"
                    },
                    "authentication": "@parameters('$authentication')"
                  }
                },
                "Set_varListResourceAssignements_-_Monday": {
                  "runAfter": {
                    "List_RAs_Monday": [
                      "Succeeded"
                    ]
                  },
                  "type": "SetVariable",
                  "inputs": {
                    "name": "varListResourceAssignments",
                    "value": "@outputs('List_RAs_Monday')?['body/value']"
                  }
                }
              }
            },
            "2_-_Tue": {
              "case": 2,
              "actions": {
                "Monday_from_Tuesday": {
                  "runAfter": {},
                  "type": "Compose",
                  "inputs": "@addDays(formatDateTime(utcNow(),'yyyy-MM-ddT07:00:00Z'),-1)",
                  "description": "addDays(formatDateTime(utcNow(),'yyyy-MM-ddT07:00:00Z'),-1)"
                },
                "Sunday_from_Tuesday": {
                  "runAfter": {
                    "Monday_from_Tuesday": [
                      "Succeeded"
                    ]
                  },
                  "type": "Compose",
                  "inputs": "@addDays(formatDateTime(utcNow(),'yyyy-MM-ddT07:00:00Z'),5)",
                  "description": "addDays(formatDateTime(utcNow(),'yyyy-MM-ddT07:00:00Z'),5)"
                },
                "List_RAs_Tuesday": {
                  "runAfter": {
                    "Sunday_from_Tuesday": [
                      "Succeeded"
                    ]
                  },
                  "type": "OpenApiConnection",
                  "inputs": {
                    "host": {
                      "connectionName": "shared_commondataserviceforapps",
                      "operationId": "ListRecords",
                      "apiId": "/providers/Microsoft.PowerApps/apis/shared_commondataserviceforapps"
                    },
                    "parameters": {
                      "entityName": "msdyn_resourceassignments",
                      "$filter": "_msdyn_bookableresourceid_value eq '@{outputs('bookableresourceid')}' and msdyn_start le '@{outputs('Sunday_from_Tuesday')}' and msdyn_finish ge '@{outputs('Monday_from_Tuesday')}'",
                      "$expand": "msdyn_projectid($select=msdyn_subject),msdyn_taskid($select=msdyn_subject),msdyn_projectteamid($select=msdyn_projectteamid;$expand=msdyn_resourcecategory($select=name,bookableresourcecategoryid))"
                    },
                    "authentication": "@parameters('$authentication')"
                  }
                },
                "Set_varListResourceAssignements_-_Tuesday": {
                  "runAfter": {
                    "List_RAs_Tuesday": [
                      "Succeeded"
                    ]
                  },
                  "type": "SetVariable",
                  "inputs": {
                    "name": "varListResourceAssignments",
                    "value": "@outputs('List_RAs_Tuesday')?['body/value']"
                  }
                }
              }
            },
            "3-_Wed": {
              "case": 3,
              "actions": {
                "Monday_from_Wednesday": {
                  "runAfter": {},
                  "type": "Compose",
                  "inputs": "@addDays(formatDateTime(utcNow(),'yyyy-MM-ddT07:00:00Z'),-2)",
                  "description": "addDays(formatDateTime(utcNow(),'yyyy-MM-ddT07:00:00Z'),-2)"
                },
                "Sunday_from_Wednesday": {
                  "runAfter": {
                    "Monday_from_Wednesday": [
                      "Succeeded"
                    ]
                  },
                  "type": "Compose",
                  "inputs": "@addDays(formatDateTime(utcNow(),'yyyy-MM-ddT07:00:00Z'),4)",
                  "description": "addDays(formatDateTime(utcNow(),'yyyy-MM-ddT07:00:00Z'),4)"
                },
                "List_RAs_Wednesday": {
                  "runAfter": {
                    "Sunday_from_Wednesday": [
                      "Succeeded"
                    ]
                  },
                  "type": "OpenApiConnection",
                  "inputs": {
                    "host": {
                      "connectionName": "shared_commondataserviceforapps",
                      "operationId": "ListRecords",
                      "apiId": "/providers/Microsoft.PowerApps/apis/shared_commondataserviceforapps"
                    },
                    "parameters": {
                      "entityName": "msdyn_resourceassignments",
                      "$filter": "_msdyn_bookableresourceid_value eq '@{outputs('bookableresourceid')}' and msdyn_start le '@{outputs('Sunday_from_Wednesday')}' and msdyn_finish ge '@{outputs('Monday_from_Wednesday')}'",
                      "$expand": "msdyn_projectid($select=msdyn_subject),msdyn_taskid($select=msdyn_subject),msdyn_projectteamid($select=msdyn_projectteamid;$expand=msdyn_resourcecategory($select=name,bookableresourcecategoryid))"
                    },
                    "authentication": "@parameters('$authentication')"
                  }
                },
                "Set_varListResourceAssignements_-_Wednesday": {
                  "runAfter": {
                    "List_RAs_Wednesday": [
                      "Succeeded"
                    ]
                  },
                  "type": "SetVariable",
                  "inputs": {
                    "name": "varListResourceAssignments",
                    "value": "@outputs('List_RAs_Wednesday')?['body/value']"
                  }
                }
              }
            },
            "4_-_Thu": {
              "case": 4,
              "actions": {
                "Monday_from_Thursday": {
                  "runAfter": {},
                  "type": "Compose",
                  "inputs": "@addDays(formatDateTime(utcNow(),'yyyy-MM-ddT07:00:00Z'),-3)",
                  "description": "addDays(formatDateTime(utcNow(),'yyyy-MM-ddT07:00:00Z'),-3)"
                },
                "Sunday_from_Thursday": {
                  "runAfter": {
                    "Monday_from_Thursday": [
                      "Succeeded"
                    ]
                  },
                  "type": "Compose",
                  "inputs": "@addDays(formatDateTime(utcNow(),'yyyy-MM-ddT07:00:00Z'),3)",
                  "description": "addDays(formatDateTime(utcNow(),'yyyy-MM-ddT07:00:00Z'),3)"
                },
                "List_RAs_Thursday": {
                  "runAfter": {
                    "Sunday_from_Thursday": [
                      "Succeeded"
                    ]
                  },
                  "type": "OpenApiConnection",
                  "inputs": {
                    "host": {
                      "connectionName": "shared_commondataserviceforapps",
                      "operationId": "ListRecords",
                      "apiId": "/providers/Microsoft.PowerApps/apis/shared_commondataserviceforapps"
                    },
                    "parameters": {
                      "entityName": "msdyn_resourceassignments",
                      "$filter": "_msdyn_bookableresourceid_value eq '@{outputs('bookableresourceid')}' and msdyn_start le '@{outputs('Sunday_from_Thursday')}' and msdyn_finish ge '@{outputs('Monday_from_Thursday')}'",
                      "$expand": "msdyn_projectid($select=msdyn_subject),msdyn_taskid($select=msdyn_subject),msdyn_projectteamid($select=msdyn_projectteamid;$expand=msdyn_resourcecategory($select=name,bookableresourcecategoryid))"
                    },
                    "authentication": "@parameters('$authentication')"
                  }
                },
                "Set_varListResourceAssignements_-_Thursday": {
                  "runAfter": {
                    "List_RAs_Thursday": [
                      "Succeeded"
                    ]
                  },
                  "type": "SetVariable",
                  "inputs": {
                    "name": "varListResourceAssignments",
                    "value": "@outputs('List_RAs_Thursday')?['body/value']"
                  }
                }
              }
            },
            "5-_Fri": {
              "case": 5,
              "actions": {
                "Monday_from_Friday": {
                  "runAfter": {},
                  "type": "Compose",
                  "inputs": "@addDays(formatDateTime(utcNow(),'yyyy-MM-ddT07:00:00Z'),-4)",
                  "description": "addDays(formatDateTime(utcNow(),'yyyy-MM-ddT07:00:00Z'),-4)"
                },
                "List_RAs_Friday": {
                  "runAfter": {
                    "Sunday_from_Friday": [
                      "Succeeded"
                    ]
                  },
                  "type": "OpenApiConnection",
                  "inputs": {
                    "host": {
                      "connectionName": "shared_commondataserviceforapps",
                      "operationId": "ListRecords",
                      "apiId": "/providers/Microsoft.PowerApps/apis/shared_commondataserviceforapps"
                    },
                    "parameters": {
                      "entityName": "msdyn_resourceassignments",
                      "$filter": "_msdyn_bookableresourceid_value eq '@{outputs('bookableresourceid')}' and msdyn_start le '@{outputs('Sunday_from_Friday')}' and msdyn_finish ge '@{outputs('Monday_from_Friday')}'",
                      "$expand": "msdyn_projectid($select=msdyn_subject),msdyn_taskid($select=msdyn_subject),msdyn_projectteamid($select=msdyn_projectteamid;$expand=msdyn_resourcecategory($select=name,bookableresourcecategoryid))"
                    },
                    "authentication": "@parameters('$authentication')"
                  }
                },
                "Sunday_from_Friday": {
                  "runAfter": {
                    "Monday_from_Friday": [
                      "Succeeded"
                    ]
                  },
                  "type": "Compose",
                  "inputs": "@addDays(formatDateTime(utcNow(),'yyyy-MM-ddT07:00:00Z'),2)",
                  "description": "addDays(formatDateTime(utcNow(),'yyyy-MM-ddT07:00:00Z'),2)"
                },
                "Set_varListResourceAssignements_-_Friday": {
                  "runAfter": {
                    "List_RAs_Friday": [
                      "Succeeded"
                    ]
                  },
                  "type": "SetVariable",
                  "inputs": {
                    "name": "varListResourceAssignments",
                    "value": "@outputs('List_RAs_Friday')?['body/value']"
                  }
                }
              }
            },
            "6_-_Sat": {
              "case": 6,
              "actions": {
                "Monday_from_Saturday": {
                  "runAfter": {},
                  "type": "Compose",
                  "inputs": "@addDays(formatDateTime(utcNow(),'yyyy-MM-ddT07:00:00Z'),-5)",
                  "description": "addDays(formatDateTime(utcNow(),'yyyy-MM-ddT07:00:00Z'),-5)"
                },
                "Sunday_from_Saturday": {
                  "runAfter": {
                    "Monday_from_Saturday": [
                      "Succeeded"
                    ]
                  },
                  "type": "Compose",
                  "inputs": "@addDays(formatDateTime(utcNow(),'yyyy-MM-ddT07:00:00Z'),1)",
                  "description": "addDays(formatDateTime(utcNow(),'yyyy-MM-ddT07:00:00Z'),1)"
                },
                "List_RAs_Saturday": {
                  "runAfter": {
                    "Sunday_from_Saturday": [
                      "Succeeded"
                    ]
                  },
                  "type": "OpenApiConnection",
                  "inputs": {
                    "host": {
                      "connectionName": "shared_commondataserviceforapps",
                      "operationId": "ListRecords",
                      "apiId": "/providers/Microsoft.PowerApps/apis/shared_commondataserviceforapps"
                    },
                    "parameters": {
                      "entityName": "msdyn_resourceassignments",
                      "$filter": "_msdyn_bookableresourceid_value eq '@{outputs('bookableresourceid')}' and msdyn_start le '@{outputs('Sunday_from_Saturday')}' and msdyn_finish ge '@{outputs('Monday_from_Saturday')}'",
                      "$expand": "msdyn_projectid($select=msdyn_subject),msdyn_taskid($select=msdyn_subject),msdyn_projectteamid($select=msdyn_projectteamid;$expand=msdyn_resourcecategory($select=name,bookableresourcecategoryid))"
                    },
                    "authentication": "@parameters('$authentication')"
                  }
                },
                "Set_varListResourceAssignements_-_Saturday": {
                  "runAfter": {
                    "List_RAs_Saturday": [
                      "Succeeded"
                    ]
                  },
                  "type": "SetVariable",
                  "inputs": {
                    "name": "varListResourceAssignments",
                    "value": "@outputs('List_RAs_Saturday')?['body/value']"
                  }
                }
              }
            },
            "0_-_Sun": {
              "case": 0,
              "actions": {
                "Monday_from_Sunday": {
                  "runAfter": {},
                  "type": "Compose",
                  "inputs": "@addDays(formatDateTime(utcNow(),'yyyy-MM-ddT07:00:00Z'),-6)",
                  "description": "addDays(formatDateTime(utcNow(),'yyyy-MM-ddT07:00:00Z'),-6)"
                },
                "Sunday_from_Sunday": {
                  "runAfter": {
                    "Monday_from_Sunday": [
                      "Succeeded"
                    ]
                  },
                  "type": "Compose",
                  "inputs": "@formatDateTime(utcNow(),'yyyy-MM-ddT07:00:00Z')",
                  "description": "formatDateTime(utcNow(),'yyyy-MM-ddT07:00:00Z')"
                },
                "List_RAs_Sunday": {
                  "runAfter": {
                    "Sunday_from_Sunday": [
                      "Succeeded"
                    ]
                  },
                  "type": "OpenApiConnection",
                  "inputs": {
                    "host": {
                      "connectionName": "shared_commondataserviceforapps",
                      "operationId": "ListRecords",
                      "apiId": "/providers/Microsoft.PowerApps/apis/shared_commondataserviceforapps"
                    },
                    "parameters": {
                      "entityName": "msdyn_resourceassignments",
                      "$filter": "_msdyn_bookableresourceid_value eq '@{outputs('bookableresourceid')}' and msdyn_start le '@{outputs('Sunday_from_Sunday')}' and msdyn_finish ge '@{outputs('Monday_from_Sunday')}'",
                      "$expand": "msdyn_projectid($select=msdyn_subject),msdyn_taskid($select=msdyn_subject),msdyn_projectteamid($select=msdyn_projectteamid;$expand=msdyn_resourcecategory($select=name,bookableresourcecategoryid))"
                    },
                    "authentication": "@parameters('$authentication')"
                  }
                },
                "Set_varListResourceAssignements_-_Sunday": {
                  "runAfter": {
                    "List_RAs_Sunday": [
                      "Succeeded"
                    ]
                  },
                  "type": "SetVariable",
                  "inputs": {
                    "name": "varListResourceAssignments",
                    "value": "@outputs('List_RAs_Sunday')?['body/value']"
                  }
                }
              }
            }
          },
          "default": {
            "actions": {}
          },
          "expression": "@outputs('dayofWeek')",
          "metadata": {
            "operationMetadataId": "3811f1dd-10d1-4adc-99a3-64ce3b787412"
          },
          "type": "Switch",
          "description": "@{outputs('dayofWeek')}"
        },
        "List_Bookable_Resources": {
          "runAfter": {
            "dayofWeek": [
              "Succeeded"
            ]
          },
          "metadata": {
            "operationMetadataId": "38005190-8b40-4c3a-81bf-5d74545d826a"
          },
          "type": "OpenApiConnection",
          "inputs": {
            "host": {
              "connectionName": "shared_commondataserviceforapps",
              "operationId": "ListRecords",
              "apiId": "/providers/Microsoft.PowerApps/apis/shared_commondataserviceforapps"
            },
            "parameters": {
              "entityName": "bookableresources",
              "fetchXml": "<fetch top=\"5000\">\n  <entity name=\"bookableresource\">\n    <link-entity name=\"systemuser\" from=\"systemuserid\" to=\"userid\">\n      <filter>\n        <condition attribute=\"systemuserid\" operator=\"eq\" value=\"@{outputs('UserId')}\" />\n      </filter>\n    </link-entity>\n  </entity>\n</fetch>"
            },
            "authentication": "@parameters('$authentication')"
          }
        },
        "bookableresourceid": {
          "runAfter": {
            "List_Bookable_Resources": [
              "Succeeded"
            ]
          },
          "metadata": {
            "operationMetadataId": "3565b2d0-165a-4cef-beb9-38246c9748d3"
          },
          "type": "Compose",
          "inputs": "@first(body('List_Bookable_Resources')?['value'])?['bookableresourceid']",
          "description": "first(body('List_Bookable_Resources')?['value'])?['bookableresourceid']"
        },
        "Monday_of_current_week": {
          "runAfter": {
            "Switch": [
              "Succeeded"
            ]
          },
          "metadata": {
            "operationMetadataId": "e240d472-2fa5-49f6-b590-2e9ac4283ada"
          },
          "type": "Compose",
          "inputs": "@{outputs('Monday_from_Monday')}@{outputs('Monday_from_Tuesday')}@{outputs('Monday_from_Wednesday')}@{outputs('Monday_from_Thursday')}@{outputs('Monday_from_Friday')}@{outputs('Monday_from_Saturday')}@{outputs('Monday_from_Sunday')}"
        },
        "Apply_to_each_listed_RA": {
          "foreach": "@variables('varListResourceAssignments')",
          "actions": {
            "Do_until_varDayOfWeek_eq_7": {
              "actions": {
                "Is_varDayOfWeek_equal_to_7": {
                  "actions": {
                    "Set_varDayOfWeek_to_0": {
                      "runAfter": {},
                      "metadata": {
                        "operationMetadataId": "70319d8d-133e-4378-9ab1-d15966bcefe9"
                      },
                      "type": "SetVariable",
                      "inputs": {
                        "name": "varDayOfWeek",
                        "value": 0
                      }
                    }
                  },
                  "runAfter": {},
                  "expression": {
                    "equals": [
                      "@variables('varDayOfWeek')",
                      7
                    ]
                  },
                  "metadata": {
                    "operationMetadataId": "4653f447-a095-4d66-8209-104ccb3ddc04"
                  },
                  "type": "If"
                },
                "Date_for_Time_Entry": {
                  "runAfter": {
                    "Is_varDayOfWeek_equal_to_7": [
                      "Succeeded"
                    ]
                  },
                  "metadata": {
                    "operationMetadataId": "3be6a87a-38a3-45c8-9110-60e6db4a16e4"
                  },
                  "type": "Compose",
                  "inputs": "@addDays(outputs('Monday_of_current_week'), variables('varDayOfWeek'))",
                  "description": "addDays(outputs('Monday_of_current_week'), variables('varDayOfWeek'))"
                },
                "List_Time_Entries": {
                  "runAfter": {
                    "Date_for_Time_Entry": [
                      "Succeeded"
                    ]
                  },
                  "metadata": {
                    "operationMetadataId": "68445a93-46ee-4f00-acc8-71976bf685b0"
                  },
                  "type": "OpenApiConnection",
                  "inputs": {
                    "host": {
                      "connectionName": "shared_commondataserviceforapps",
                      "operationId": "ListRecords",
                      "apiId": "/providers/Microsoft.PowerApps/apis/shared_commondataserviceforapps"
                    },
                    "parameters": {
                      "entityName": "msdyn_timeentries",
                      "$filter": "_msdyn_bookableresource_value eq '@{outputs('bookableresourceid')}' and _msdyn_project_value eq '@{items('Apply_to_each_listed_RA')?['_msdyn_projectid_value']}' and _msdyn_projecttask_value eq '@{items('Apply_to_each_listed_RA')?['_msdyn_taskid_value']}' and msdyn_date eq '@{outputs('Date_for_Time_Entry')}' and msdyn_duration eq 0 and msdyn_entrystatus eq 192350000"
                    },
                    "authentication": "@parameters('$authentication')"
                  },
                  "description": "items('Apply_to_each_listed_RA')?['_msdyn_projectid_value'] // items('Apply_to_each_listed_RA')?['_msdyn_taskid_value']"
                },
                "Is_List_Time_Entries_empty": {
                  "actions": {
                    "Add_a_new_Time_Entry_in_ProjOps": {
                      "runAfter": {},
                      "metadata": {
                        "operationMetadataId": "fe41fcd9-5d22-47eb-8596-aaa049999649"
                      },
                      "type": "OpenApiConnection",
                      "inputs": {
                        "host": {
                          "connectionName": "shared_commondataserviceforapps",
                          "operationId": "CreateRecord",
                          "apiId": "/providers/Microsoft.PowerApps/apis/shared_commondataserviceforapps"
                        },
                        "parameters": {
                          "entityName": "msdyn_timeentries",
                          "item/msdyn_date": "@outputs('Date_for_Time_Entry')",
                          "item/msdyn_duration": 0,
                          "item/msdyn_start": "@outputs('Date_for_Time_Entry')",
                          "item/msdyn_type": 192350000,
                          "item/msdyn_project@odata.bind": "msdyn_projects(@{items('Apply_to_each_listed_RA')?['_msdyn_projectid_value']})",
                          "item/msdyn_projectTask@odata.bind": "msdyn_projecttasks(@{items('Apply_to_each_listed_RA')?['_msdyn_taskid_value']})",
                          "item/msdyn_resourceCategory@odata.bind": "bookableresourcecategories(@{items('Apply_to_each_listed_RA')?['msdyn_projectteamid/msdyn_resourcecategory/bookableresourcecategoryid']})",
                          "item/msdyn_bookableresource@odata.bind": "bookableresources(@{items('Apply_to_each_listed_RA')?['_msdyn_bookableresourceid_value']})",
                          "item/msdyn_entrystatus": 192350000,
                          "item/msdyn_targetentrystatus": 192350000
                        },
                        "authentication": "@parameters('$authentication')"
                      },
                      "description": "items('Apply_to_each_listed_RA')?['_msdyn_taskid_value'] // items('Apply_to_each_listed_RA')?['_msdyn_projectid_value'] // items('Apply_to_each_Resource_Assignment')?['msdyn_projectteamid/msdyn_resourcecategory/bookableresourcecategoryid']"
                    },
                    "Increment_varDayOfWeek_by_1_in_true": {
                      "runAfter": {
                        "Add_a_new_Time_Entry_in_ProjOps": [
                          "Succeeded"
                        ]
                      },
                      "metadata": {
                        "operationMetadataId": "346f5b11-704e-4ddd-b925-44ed06d81286"
                      },
                      "type": "IncrementVariable",
                      "inputs": {
                        "name": "varDayOfWeek",
                        "value": 1
                      }
                    }
                  },
                  "runAfter": {
                    "List_Time_Entries": [
                      "Succeeded"
                    ]
                  },
                  "else": {
                    "actions": {
                      "Increment_varDayOfWeek_by_1_in_false": {
                        "runAfter": {},
                        "metadata": {
                          "operationMetadataId": "3874d49b-4563-43f0-8604-70a5b59e8438"
                        },
                        "type": "IncrementVariable",
                        "inputs": {
                          "name": "varDayOfWeek",
                          "value": 1
                        }
                      }
                    }
                  },
                  "expression": {
                    "equals": [
                      "@empty(outputs('List_Time_Entries')?['body/value'])",
                      "@true"
                    ]
                  },
                  "metadata": {
                    "operationMetadataId": "4dfedd2d-fb9a-4990-9b6d-337c38983d32"
                  },
                  "type": "If",
                  "description": "empty(outputs('List_Time_Entries')?['body/value']) // If empty, Time Entries don't exist and true path runs. Otherwise Time Entries exist and false runs."
                }
              },
              "runAfter": {},
              "expression": "@equals(variables('varDayOfWeek'), 7)",
              "limit": {
                "count": 60,
                "timeout": "PT1H"
              },
              "metadata": {
                "operationMetadataId": "0d6b74b9-bfad-4a7b-94da-84c90f4913c6"
              },
              "type": "Until"
            }
          },
          "runAfter": {
            "Monday_of_current_week": [
              "Succeeded"
            ]
          },
          "metadata": {
            "operationMetadataId": "81dcd197-bf75-44d9-bdec-97d35cc0c0a9"
          },
          "type": "Foreach"
        },
        "varListResourceAssignments": {
          "runAfter": {},
          "metadata": {
            "operationMetadataId": "5a5359cf-5176-4c94-a8f4-abf8a781c02a"
          },
          "type": "InitializeVariable",
          "inputs": {
            "variables": [
              {
                "name": "varListResourceAssignments",
                "type": "array"
              }
            ]
          }
        },
        "varDayOfWeek": {
          "runAfter": {
            "varListResourceAssignments": [
              "Succeeded"
            ]
          },
          "metadata": {
            "operationMetadataId": "fcc9598e-4b42-48d8-948b-f3a2599e9c42"
          },
          "type": "InitializeVariable",
          "inputs": {
            "variables": [
              {
                "name": "varDayOfWeek",
                "type": "integer",
                "value": 0
              }
            ]
          }
        }
      },
      "outputs": {}
    }
  },
  "schemaVersion": "1.0.0.0"
}