{"properties":{"connectionReferences":{"shared_commondataserviceforapps":{"runtimeSource":"embedded","connection":{"connectionReferenceLogicalName":"d2d_sharedcommondataserviceforapps_5c6d9"},"api":{"name":"shared_commondataserviceforapps"}}},"definition":{"$schema":"https://schema.management.azure.com/providers/Microsoft.Logic/schemas/2016-06-01/workflowdefinition.json#","contentVersion":"1.0.0.0","parameters":{"$connections":{"defaultValue":{},"type":"Object"},"$authentication":{"defaultValue":{},"type":"SecureObject"}},"triggers":{"manual":{"metadata":{"operationMetadataId":"f6aa49ea-e099-4a5d-9e5c-b9e1bdbfae38"},"type":"Request","kind":"Button","inputs":{"schema":{"type":"object","properties":{},"required":[]}}}},"actions":{"Call_CreateOperationSetV1":{"runAfter":{"Project_Team_Member":["Succeeded"]},"metadata":{"operationMetadataId":"52ca05c4-3907-42b2-b901-437cea041c1b"},"type":"OpenApiConnection","inputs":{"host":{"connectionName":"shared_commondataserviceforapps","operationId":"PerformUnboundAction","apiId":"/providers/Microsoft.PowerApps/apis/shared_commondataserviceforapps"},"parameters":{"actionName":"msdyn_CreateOperationSetV1","item/ProjectId":"@outputs('Output_of_Call_CreateProjectV1_for_ProjectId')","item/Description":"OP set for test proj "},"authentication":{"type":"Raw","value":"@json(decodeBase64(triggerOutputs().headers['X-MS-APIM-Tokens']))['$ConnectionKey']"}}},"OperationSetId":{"runAfter":{"Call_CreateOperationSetV1":["Succeeded"]},"metadata":{"operationMetadataId":"a55ea7af-ade2-4c5d-b992-eee115d80a88"},"type":"Compose","inputs":"@outputs('Call_CreateOperationSetV1')?['body/OperationSetId']"},"Call_ExecuteOperationSetV1":{"runAfter":{"Call_AbandonOperationSetV1_-_Subtask_2_update":["Skipped"]},"metadata":{"operationMetadataId":"1794ec31-ad56-4f91-bba9-81edc135de41"},"type":"OpenApiConnection","inputs":{"host":{"connectionName":"shared_commondataserviceforapps","operationId":"PerformUnboundAction","apiId":"/providers/Microsoft.PowerApps/apis/shared_commondataserviceforapps"},"parameters":{"actionName":"msdyn_ExecuteOperationSetV1","item/OperationSetId":"@outputs('OperationSetId')"},"authentication":{"type":"Raw","value":"@json(decodeBase64(triggerOutputs().headers['X-MS-APIM-Tokens']))['$ConnectionKey']"}}},"Compose_at_odata_type":{"runAfter":{"OperationSetId":["Succeeded"]},"metadata":{"operationMetadataId":"9d258d92-ce15-47c2-aec9-4ba5772d8264"},"type":"Compose","inputs":"@@odata.type"},"Project":{"actions":{"accountid":{"runAfter":{},"metadata":{"operationMetadataId":"bc4b8124-3f61-4d6e-a7b9-c73d829dec52"},"type":"Compose","inputs":"a58a86a6-d229-ec11-b6e5-000d3a5b9c44","description":"Hard code this or change logic so that values are given when triggering."},"msdyn_workhourtemplateid":{"runAfter":{"accountid":["Succeeded"]},"metadata":{"operationMetadataId":"286c4eb3-be5c-41da-9089-550805c4ba92"},"type":"Compose","inputs":"51bf9571-d129-ec11-b6e5-000d3a5b9c44","description":"Hard code this or change logic so that values are given when triggering."},"msdyn_organizationalunitid":{"runAfter":{"msdyn_workhourtemplateid":["Succeeded"]},"metadata":{"operationMetadataId":"bbddca6e-ab13-419f-a801-eb0a5d33306b"},"type":"Compose","inputs":"e34a62ba-d6e0-eb11-bacb-000d3a3b6840","description":"Hard code this or change logic so that values are given when triggering."},"systemuserid":{"runAfter":{"msdyn_organizationalunitid":["Succeeded"]},"metadata":{"operationMetadataId":"117c251e-358b-4076-83f9-1281196c4fb3"},"type":"Compose","inputs":"b57c4807-53d3-eb11-bacc-000d3a327464","description":"Hard code this or change logic so that values are given when triggering. This user will be the project's project manager."},"Call_CreateProjectV1":{"runAfter":{"systemuserid":["Succeeded"]},"metadata":{"operationMetadataId":"c49785c4-8d5c-424a-9bca-830abf780935"},"type":"OpenApiConnection","inputs":{"host":{"connectionName":"shared_commondataserviceforapps","operationId":"PerformUnboundAction","apiId":"/providers/Microsoft.PowerApps/apis/shared_commondataserviceforapps"},"parameters":{"actionName":"@trim('msdyn_CreateProjectV1')","item":{"Project":{"msdyn_subject":"API test project @{utcNow()}","msdyn_schedulemode":192350001,"msdyn_scheduledstart":"@{utcNow('yyyy-MM-dd')}","msdyn_customer@odata.bind":"accounts(@{outputs('accountid')})","msdyn_workhourtemplate@odata.bind":"msdyn_workhourtemplates(@{outputs('msdyn_workhourtemplateid')})","msdyn_ContractOrganizationalUnitId@odata.bind":"msdyn_organizationalunits(@{outputs('msdyn_organizationalunitid')})","msdyn_projectmanager@odata.bind":"systemusers(@{outputs('systemuserid')})"}}},"authentication":{"type":"Raw","value":"@json(decodeBase64(triggerOutputs().headers['X-MS-APIM-Tokens']))['$ConnectionKey']"}},"description":"trim('msdyn_CreateProjectV1')"},"Output_of_Call_CreateProjectV1_for_ProjectId":{"runAfter":{"Call_CreateProjectV1":["Succeeded"]},"metadata":{"operationMetadataId":"f613147b-4a33-4bbb-a1a2-cbd295dfe052"},"type":"Compose","inputs":"@body('Call_CreateProjectV1')?['ProjectId']","description":"body('Call_CreateProjectV1')?['ProjectId']"}},"runAfter":{"Tested_on_4.26.0.155":["Succeeded"]},"metadata":{"operationMetadataId":"b5589289-bf0d-49b2-88be-6c5f0f4a568a"},"type":"Scope"},"Project_Team_Member":{"actions":{"bookableresourceid":{"runAfter":{},"metadata":{"operationMetadataId":"59aa8bb7-1f8e-414d-be09-0013cbd99525"},"type":"Compose","inputs":"4b83f7af-d129-ec11-b6e5-000d3a5b9c44","description":"Hard code this or change logic so that values are given when triggering."},"bookableresourcecategoryid":{"runAfter":{"bookableresourceid":["Succeeded"]},"metadata":{"operationMetadataId":"523754fb-11ac-4159-81c1-c6c849e8fc4a"},"type":"Compose","inputs":"d83a69f2-d029-ec11-b6e5-000d3a5b9c44","description":"Role.Hard code this or change logic so that values are given when triggering."},"Call_CreateTeamMemberV1":{"runAfter":{"bookableresourcecategoryid":["Succeeded"]},"metadata":{"operationMetadataId":"27eee09c-5dcd-4068-b4ad-efd6d0b28ec3"},"type":"OpenApiConnection","inputs":{"host":{"connectionName":"shared_commondataserviceforapps","operationId":"PerformUnboundAction","apiId":"/providers/Microsoft.PowerApps/apis/shared_commondataserviceforapps"},"parameters":{"actionName":"@trim('msdyn_CreateTeamMemberV1')","item":{"TeamMember":{"msdyn_name":"Consultant","msdyn_allocationmethod":192350000,"msdyn_projectapprover":"@false","msdyn_billingtype":192350001,"msdyn_start":"@{utcNow('yyyy-MM-dd')}","msdyn_finish":"@{utcNow('yyyy-MM-dd')}","msdyn_project@odata.bind":"msdyn_projects(@{outputs('Output_of_Call_CreateProjectV1_for_ProjectId')})","msdyn_organizationalunit@odata.bind":"msdyn_organizationalunits(@{outputs('msdyn_organizationalunitid')})","msdyn_resourcecategory@odata.bind":"bookableresourcecategories(@{outputs('bookableresourcecategoryid')})","msdyn_bookableresourceid@odata.bind":"bookableresources(@{outputs('bookableresourceid')})"}}},"authentication":{"type":"Raw","value":"@json(decodeBase64(triggerOutputs().headers['X-MS-APIM-Tokens']))['$ConnectionKey']"}},"description":"trim('msdyn_CreateTeamMemberV1')"},"Output_of_Call_CreateTeamMemberV1":{"runAfter":{"Call_CreateTeamMemberV1":["Succeeded"]},"metadata":{"operationMetadataId":"950b16cc-4ce2-4b15-9e83-65e40a55094b"},"type":"Compose","inputs":"@body('Call_CreateTeamMemberV1')?['TeamMemberId']","description":"body('Call_CreateTeamMemberV1')?['TeamMemberId']"}},"runAfter":{"Project":["Succeeded"]},"metadata":{"operationMetadataId":"fbcba69c-7a3d-4057-93e2-5fbe7a0e4ed1"},"type":"Scope"},"Project_Bucket":{"actions":{"Call_PssCreateV1_-_Project_Bucket":{"runAfter":{},"metadata":{"operationMetadataId":"6fa3a8c3-1587-40f9-9839-9aba9b984c41"},"type":"OpenApiConnection","inputs":{"host":{"connectionName":"shared_commondataserviceforapps","operationId":"PerformUnboundAction","apiId":"/providers/Microsoft.PowerApps/apis/shared_commondataserviceforapps"},"parameters":{"actionName":"msdyn_PssCreateV1","item/Entity":{"msdyn_name":"Schedule API Bucket for proj  ","@{outputs('Compose_at_odata_type')}":"Microsoft.Dynamics.CRM.msdyn_projectbucket","msdyn_project@odata.bind":"msdyn_projects(@{outputs('Output_of_Call_CreateProjectV1_for_ProjectId')})"},"item/OperationSetId":"@outputs('OperationSetId')"},"authentication":{"type":"Raw","value":"@json(decodeBase64(triggerOutputs().headers['X-MS-APIM-Tokens']))['$ConnectionKey']"}}},"Parse_JSON_-_Project_Bucket":{"runAfter":{"Call_PssCreateV1_-_Project_Bucket":["Succeeded"]},"metadata":{"operationMetadataId":"f56fccb7-4cbd-4fe9-9610-66a61c496257"},"type":"ParseJson","inputs":{"content":"@outputs('Call_PssCreateV1_-_Project_Bucket')?['body/OperationSetResponse']","schema":{"type":"object","properties":{"<OperationSetResponses>k__BackingField":{"type":"array","items":{"type":"object","properties":{"Key":{"type":"string"},"Value":{"type":"string"}},"required":["Key","Value"]}}}}}},"Filter_array_-_Project_Bucket":{"runAfter":{"Parse_JSON_-_Project_Bucket":["Succeeded"]},"metadata":{"operationMetadataId":"1c79c058-719e-4e44-b4cb-64cbe64b8ef3"},"type":"Query","inputs":{"from":"@body('Parse_JSON_-_Project_Bucket')?['<OperationSetResponses>k__BackingField']","where":"@equals(item()?['Key'], 'recordId')"}},"msdyn_projectbucketid":{"runAfter":{"Filter_array_-_Project_Bucket":["Succeeded"]},"metadata":{"operationMetadataId":"5214ded8-e31d-4948-b6c7-0de91dd8ae4f"},"type":"Compose","inputs":"@last(body('Filter_array_-_Project_Bucket'))?['value']","description":"last(body('Filter_array_-_Project_Bucket'))?['value']"}},"runAfter":{"Compose_at_odata_type":["Succeeded"]},"metadata":{"operationMetadataId":"10a8ae7f-5f9b-4fbf-ba9a-5d76e2fd5886"},"type":"Scope"},"Project_Task_-_Summary_Task":{"actions":{"Call_PssCreateV1_-_Summary_Task":{"runAfter":{},"metadata":{"operationMetadataId":"1d9b229f-917d-46fc-9b81-6ba17a550459"},"type":"OpenApiConnection","inputs":{"host":{"connectionName":"shared_commondataserviceforapps","operationId":"PerformUnboundAction","apiId":"/providers/Microsoft.PowerApps/apis/shared_commondataserviceforapps"},"parameters":{"actionName":"msdyn_PssCreateV1","item/Entity":{"msdyn_LinkStatus":192350000,"msdyn_subject":"Parent Task","msdyn_outlinelevel":1,"@{outputs('Compose_at_odata_type')}":"Microsoft.Dynamics.CRM.msdyn_projecttask","msdyn_project@odata.bind":"msdyn_projects(@{outputs('Output_of_Call_CreateProjectV1_for_ProjectId')})","msdyn_projectbucket@odata.bind":"msdyn_projectbuckets(@{outputs('msdyn_projectbucketid')})"},"item/OperationSetId":"@outputs('OperationSetId')"},"authentication":{"type":"Raw","value":"@json(decodeBase64(triggerOutputs().headers['X-MS-APIM-Tokens']))['$ConnectionKey']"}}},"Parse_JSON_-_Summary_Task":{"runAfter":{"Call_PssCreateV1_-_Summary_Task":["Succeeded"]},"metadata":{"operationMetadataId":"fa60906c-843a-4848-9a4b-3023ae4940b2"},"type":"ParseJson","inputs":{"content":"@outputs('Call_PssCreateV1_-_Summary_Task')?['body/OperationSetResponse']","schema":{"type":"object","properties":{"<OperationSetResponses>k__BackingField":{"type":"array","items":{"type":"object","properties":{"Key":{"type":"string"},"Value":{"type":"string"}},"required":["Key","Value"]}}}}}},"Filter_array_-_Summary_Task":{"runAfter":{"Parse_JSON_-_Summary_Task":["Succeeded"]},"metadata":{"operationMetadataId":"2c08cde0-c567-4eb0-b2c0-35bfcfb36eda"},"type":"Query","inputs":{"from":"@body('Parse_JSON_-_Summary_Task')?['<OperationSetResponses>k__BackingField']","where":"@equals(item()?['Key'], 'recordId')"}},"msdyn_projecttaskid_-_Summary_Task":{"runAfter":{"Filter_array_-_Summary_Task":["Succeeded"]},"metadata":{"operationMetadataId":"69be3968-0839-47e3-be09-2da6530ddf8d"},"type":"Compose","inputs":"@last(body('Filter_array_-_Summary_Task'))?['value']","description":"last(body('Filter_array_-_Summary_Task'))?['value']"}},"runAfter":{"Call_AbandonOperationSetV1_-_Project_Bucket":["Skipped"]},"metadata":{"operationMetadataId":"d51d8fd9-7da0-4ec3-8f7f-1738b6c21298"},"type":"Scope"},"Project_Task_-_Subtask":{"actions":{"Call_PssCreateV1_-_Subtask_1":{"runAfter":{},"metadata":{"operationMetadataId":"e39bbf8b-9bfe-4e7a-bd39-31f6f52d9db9"},"type":"OpenApiConnection","inputs":{"host":{"connectionName":"shared_commondataserviceforapps","operationId":"PerformUnboundAction","apiId":"/providers/Microsoft.PowerApps/apis/shared_commondataserviceforapps"},"parameters":{"actionName":"msdyn_PssCreateV1","item/Entity":{"msdyn_LinkStatus":192350000,"msdyn_subject":"Subtask 1","msdyn_start":"@{formatDateTime(UtcNow(), 'yyyy-MM-ddT07:00:00Z')}","msdyn_finish":"@{addDays(formatDateTime(UtcNow(), 'yyyy-MM-ddT15:00:00Z'), 1)}","msdyn_outlinelevel":2,"@{outputs('Compose_at_odata_type')}":"Microsoft.Dynamics.CRM.msdyn_projecttask","msdyn_project@odata.bind":"msdyn_projects(@{outputs('Output_of_Call_CreateProjectV1_for_ProjectId')})","msdyn_projectbucket@odata.bind":"msdyn_projectbuckets(@{outputs('msdyn_projectbucketid')})","msdyn_parenttask@odata.bind":"msdyn_projecttasks(@{outputs('msdyn_projecttaskid_-_Summary_Task')})"},"item/OperationSetId":"@outputs('OperationSetId')"},"authentication":{"type":"Raw","value":"@json(decodeBase64(triggerOutputs().headers['X-MS-APIM-Tokens']))['$ConnectionKey']"}},"description":"formatDateTime(UtcNow(),'yyyy-MM-ddT07:00:00Z') // addDays(formatDateTime(UtcNow(),'yyyy-MM-ddT15:00:00Z'), 1)"},"Call_PssCreateV1_-_Subtask_2":{"runAfter":{"msdyn_projecttaskid_-_Subtask_1":["Succeeded"]},"metadata":{"operationMetadataId":"47d441d8-1c23-421e-a8f3-9482bf9aa569"},"type":"OpenApiConnection","inputs":{"host":{"connectionName":"shared_commondataserviceforapps","operationId":"PerformUnboundAction","apiId":"/providers/Microsoft.PowerApps/apis/shared_commondataserviceforapps"},"parameters":{"actionName":"msdyn_PssCreateV1","item/Entity":{"msdyn_LinkStatus":192350000,"msdyn_subject":"Subtask 2","msdyn_start":"@{formatDateTime(UtcNow(), 'yyyy-MM-ddT07:00:00Z')}","msdyn_finish":"@{addDays(formatDateTime(UtcNow(), 'yyyy-MM-ddT15:00:00Z'), 1)}","msdyn_outlinelevel":2,"@{outputs('Compose_at_odata_type')}":"Microsoft.Dynamics.CRM.msdyn_projecttask","msdyn_project@odata.bind":"msdyn_projects(@{outputs('Output_of_Call_CreateProjectV1_for_ProjectId')})","msdyn_projectbucket@odata.bind":"msdyn_projectbuckets(@{outputs('msdyn_projectbucketid')})","msdyn_parenttask@odata.bind":"msdyn_projecttasks(@{outputs('msdyn_projecttaskid_-_Summary_Task')})"},"item/OperationSetId":"@outputs('OperationSetId')"},"authentication":{"type":"Raw","value":"@json(decodeBase64(triggerOutputs().headers['X-MS-APIM-Tokens']))['$ConnectionKey']"}}},"Parse_JSON_-_Subtask_1":{"runAfter":{"Call_PssCreateV1_-_Subtask_1":["Succeeded"]},"metadata":{"operationMetadataId":"271cb342-4216-41ec-8da8-44f45e3e3fdc"},"type":"ParseJson","inputs":{"content":"@outputs('Call_PssCreateV1_-_Subtask_1')?['body/OperationSetResponse']","schema":{"type":"object","properties":{"<OperationSetResponses>k__BackingField":{"type":"array","items":{"type":"object","properties":{"Key":{"type":"string"},"Value":{"type":"string"}},"required":["Key","Value"]}}}}}},"Filter_array_-_Subtask_1":{"runAfter":{"Parse_JSON_-_Subtask_1":["Succeeded"]},"metadata":{"operationMetadataId":"03344de3-147b-4766-b181-e3451fe7f175"},"type":"Query","inputs":{"from":"@body('Parse_JSON_-_Subtask_1')?['<OperationSetResponses>k__BackingField']","where":"@equals(item()?['Key'], 'recordId')"}},"msdyn_projecttaskid_-_Subtask_1":{"runAfter":{"Filter_array_-_Subtask_1":["Succeeded"]},"metadata":{"operationMetadataId":"b7cc4485-7334-42a3-9f2a-b149357fd165"},"type":"Compose","inputs":"@last(body('Filter_array_-_Subtask_1'))?['value']","description":"last(body('Filter_array_-_Subtask_1'))?['value']"},"Parse_JSON_-_Subtask_2":{"runAfter":{"Call_PssCreateV1_-_Subtask_2":["Succeeded"]},"metadata":{"operationMetadataId":"52de26ce-5f0e-4a8a-9eb3-0c6ee42d5214"},"type":"ParseJson","inputs":{"content":"@outputs('Call_PssCreateV1_-_Subtask_2')?['body/OperationSetResponse']","schema":{"type":"object","properties":{"<OperationSetResponses>k__BackingField":{"type":"array","items":{"type":"object","properties":{"Key":{"type":"string"},"Value":{"type":"string"}},"required":["Key","Value"]}}}}}},"Filter_array_-_Subtask_2":{"runAfter":{"Parse_JSON_-_Subtask_2":["Succeeded"]},"metadata":{"operationMetadataId":"0f34104b-63bb-4560-bcf3-3eec374da1cb"},"type":"Query","inputs":{"from":"@body('Parse_JSON_-_Subtask_2')?['<OperationSetResponses>k__BackingField']","where":"@equals(item()?['Key'], 'recordId')"}},"msdyn_projecttaskid_-_Subtask_2":{"runAfter":{"Filter_array_-_Subtask_2":["Succeeded"]},"metadata":{"operationMetadataId":"6073bd47-8de9-49e7-8207-1aa9dbd34ae4"},"type":"Compose","inputs":"@last(body('Filter_array_-_Subtask_2'))?['value']","description":"last(body('Filter_array_-_Subtask_2'))?['value']"}},"runAfter":{"Call_AbandonOperationSetV1_-_Summary_Task":["Skipped"]},"metadata":{"operationMetadataId":"c45a3d88-bf75-42f4-ac0f-1edccdd4b49b"},"type":"Scope"},"Call_AbandonOperationSetV1_-_Project_Bucket":{"runAfter":{"Project_Bucket":["Failed"]},"metadata":{"operationMetadataId":"35f0ec41-1cea-488f-8f88-8bc946b9dfd5"},"type":"OpenApiConnection","inputs":{"host":{"connectionName":"shared_commondataserviceforapps","operationId":"PerformUnboundAction","apiId":"/providers/Microsoft.PowerApps/apis/shared_commondataserviceforapps"},"parameters":{"actionName":"msdyn_AbandonOperationSetV1","item/OperationSetId":"@outputs('OperationSetId')"},"authentication":{"type":"Raw","value":"@json(decodeBase64(triggerOutputs().headers['X-MS-APIM-Tokens']))['$ConnectionKey']"}}},"Call_AbandonOperationSetV1_-_Summary_Task":{"runAfter":{"Project_Task_-_Summary_Task":["Failed"]},"metadata":{"operationMetadataId":"5da8bea2-76e5-4643-a189-03c74e436d7c"},"type":"OpenApiConnection","inputs":{"host":{"connectionName":"shared_commondataserviceforapps","operationId":"PerformUnboundAction","apiId":"/providers/Microsoft.PowerApps/apis/shared_commondataserviceforapps"},"parameters":{"actionName":"msdyn_AbandonOperationSetV1","item/OperationSetId":"@outputs('OperationSetId')"},"authentication":{"type":"Raw","value":"@json(decodeBase64(triggerOutputs().headers['X-MS-APIM-Tokens']))['$ConnectionKey']"}}},"Call_AbandonOperationSetV1_-_Subtask":{"runAfter":{"Project_Task_-_Subtask":["Failed"]},"metadata":{"operationMetadataId":"49f61d10-775a-4950-9b53-777897599db9"},"type":"OpenApiConnection","inputs":{"host":{"connectionName":"shared_commondataserviceforapps","operationId":"PerformUnboundAction","apiId":"/providers/Microsoft.PowerApps/apis/shared_commondataserviceforapps"},"parameters":{"actionName":"msdyn_AbandonOperationSetV1","item/OperationSetId":"@outputs('OperationSetId')"},"authentication":{"type":"Raw","value":"@json(decodeBase64(triggerOutputs().headers['X-MS-APIM-Tokens']))['$ConnectionKey']"}}},"Project_Task_Dependency":{"actions":{"Call_PssCrateV1_-_Project_Task_Dependency":{"runAfter":{},"metadata":{"operationMetadataId":"5315c32c-2638-48fc-83ed-bd95eaecbafb"},"type":"OpenApiConnection","inputs":{"host":{"connectionName":"shared_commondataserviceforapps","operationId":"PerformUnboundAction","apiId":"/providers/Microsoft.PowerApps/apis/shared_commondataserviceforapps"},"parameters":{"actionName":"msdyn_PssCreateV1","item/Entity":{"msdyn_linktype":192350000,"msdyn_projecttaskdependencylinktype":1,"msdyn_description":"Dependency for API test","@{outputs('Compose_at_odata_type')}":"Microsoft.Dynamics.CRM.msdyn_projecttaskdependency","msdyn_Project@odata.bind":"msdyn_projects(@{outputs('Output_of_Call_CreateProjectV1_for_ProjectId')})","msdyn_PredecessorTask@odata.bind":"msdyn_projecttasks(@{outputs('msdyn_projecttaskid_-_Subtask_1')})","msdyn_SuccessorTask@odata.bind":"msdyn_projecttasks(@{outputs('msdyn_projecttaskid_-_Subtask_2')})"},"item/OperationSetId":"@outputs('OperationSetId')"},"authentication":{"type":"Raw","value":"@json(decodeBase64(triggerOutputs().headers['X-MS-APIM-Tokens']))['$ConnectionKey']"}}}},"runAfter":{"Call_AbandonOperationSetV1_-_Subtask":["Succeeded"]},"metadata":{"operationMetadataId":"58bccaaf-9f4d-4fd2-83db-2b101964f7bb"},"type":"Scope"},"Call_AbandonOperationSetV1_-_Project_Task_Dependency":{"runAfter":{"Project_Task_Dependency":["Failed"]},"metadata":{"operationMetadataId":"49f61d10-775a-4950-9b53-777897599db9"},"type":"OpenApiConnection","inputs":{"host":{"connectionName":"shared_commondataserviceforapps","operationId":"PerformUnboundAction","apiId":"/providers/Microsoft.PowerApps/apis/shared_commondataserviceforapps"},"parameters":{"actionName":"msdyn_AbandonOperationSetV1","item/OperationSetId":"@outputs('OperationSetId')"},"authentication":{"type":"Raw","value":"@json(decodeBase64(triggerOutputs().headers['X-MS-APIM-Tokens']))['$ConnectionKey']"}}},"Resource_Assignment":{"actions":{"Call_PssCreateV1_-_Resource_Assignment_1":{"runAfter":{},"metadata":{"operationMetadataId":"9918f36d-b6b5-4977-b08b-227e11c6715e"},"type":"OpenApiConnection","inputs":{"host":{"connectionName":"shared_commondataserviceforapps","operationId":"PerformUnboundAction","apiId":"/providers/Microsoft.PowerApps/apis/shared_commondataserviceforapps"},"parameters":{"actionName":"msdyn_PssCreateV1","item/Entity":{"msdyn_name":"API test","@{outputs('Compose_at_odata_type')}":"Microsoft.Dynamics.CRM.msdyn_resourceassignment","msdyn_projectid@odata.bind":"msdyn_projects(@{outputs('Output_of_Call_CreateProjectV1_for_ProjectId')})","msdyn_projectteamid@odata.bind":"msdyn_projectteams(@{outputs('Output_of_Call_CreateTeamMemberV1')})","msdyn_taskid@odata.bind":"msdyn_projecttasks(@{outputs('msdyn_projecttaskid_-_Subtask_1')})"},"item/OperationSetId":"@outputs('OperationSetId')"},"authentication":{"type":"Raw","value":"@json(decodeBase64(triggerOutputs().headers['X-MS-APIM-Tokens']))['$ConnectionKey']"}}},"Call_PssCreateV1_-_Resource_Assignment_2":{"runAfter":{"Call_PssCreateV1_-_Resource_Assignment_1":["Succeeded"]},"metadata":{"operationMetadataId":"bb8db63d-d78a-41ce-add3-edcab3c8fc25"},"type":"OpenApiConnection","inputs":{"host":{"connectionName":"shared_commondataserviceforapps","operationId":"PerformUnboundAction","apiId":"/providers/Microsoft.PowerApps/apis/shared_commondataserviceforapps"},"parameters":{"actionName":"msdyn_PssCreateV1","item/Entity":{"msdyn_name":"API test","@{outputs('Compose_at_odata_type')}":"Microsoft.Dynamics.CRM.msdyn_resourceassignment","msdyn_projectid@odata.bind":"msdyn_projects(@{outputs('Output_of_Call_CreateProjectV1_for_ProjectId')})","msdyn_projectteamid@odata.bind":"msdyn_projectteams(@{outputs('Output_of_Call_CreateTeamMemberV1')})","msdyn_taskid@odata.bind":"msdyn_projecttasks(@{outputs('msdyn_projecttaskid_-_Subtask_2')})"},"item/OperationSetId":"@outputs('OperationSetId')"},"authentication":{"type":"Raw","value":"@json(decodeBase64(triggerOutputs().headers['X-MS-APIM-Tokens']))['$ConnectionKey']"}}}},"runAfter":{"Call_AbandonOperationSetV1_-_Project_Task_Dependency":["Skipped"]},"metadata":{"operationMetadataId":"4f822bf3-a5e6-4a80-b602-9dd7d7cbdf13"},"type":"Scope"},"Update_Subtask_2":{"actions":{"Call_PssUpdateV1_-_Subtask_2":{"runAfter":{},"metadata":{"operationMetadataId":"b65f4dc3-4bc3-49cd-a0a4-650d62167ab8"},"type":"OpenApiConnection","inputs":{"host":{"connectionName":"shared_commondataserviceforapps","operationId":"PerformUnboundAction","apiId":"/providers/Microsoft.PowerApps/apis/shared_commondataserviceforapps"},"parameters":{"actionName":"msdyn_PssUpdateV1","item/Entity":{"msdyn_duration":5,"msdyn_effort":60,"@{outputs('Compose_at_odata_type')}":"Microsoft.Dynamics.CRM.msdyn_projecttask","msdyn_projecttaskid":"@{outputs('msdyn_projecttaskid_-_Subtask_2')}"},"item/OperationSetId":"@outputs('OperationSetId')"},"authentication":{"type":"Raw","value":"@json(decodeBase64(triggerOutputs().headers['X-MS-APIM-Tokens']))['$ConnectionKey']"}}}},"runAfter":{"Call_AbandonOperationSetV1_-_Resource_Assignment":["Skipped"]},"metadata":{"operationMetadataId":"260f279f-d490-478f-8822-010d2d0f25d8"},"type":"Scope"},"Call_AbandonOperationSetV1_-_Subtask_2_update":{"runAfter":{"Update_Subtask_2":["Failed"]},"metadata":{"operationMetadataId":"49f61d10-775a-4950-9b53-777897599db9"},"type":"OpenApiConnection","inputs":{"host":{"connectionName":"shared_commondataserviceforapps","operationId":"PerformUnboundAction","apiId":"/providers/Microsoft.PowerApps/apis/shared_commondataserviceforapps"},"parameters":{"actionName":"msdyn_AbandonOperationSetV1","item/OperationSetId":"@outputs('OperationSetId')"},"authentication":{"type":"Raw","value":"@json(decodeBase64(triggerOutputs().headers['X-MS-APIM-Tokens']))['$ConnectionKey']"}}},"Call_AbandonOperationSetV1_-_Resource_Assignment":{"runAfter":{"Resource_Assignment":["Failed"]},"metadata":{"operationMetadataId":"49f61d10-775a-4950-9b53-777897599db9"},"type":"OpenApiConnection","inputs":{"host":{"connectionName":"shared_commondataserviceforapps","operationId":"PerformUnboundAction","apiId":"/providers/Microsoft.PowerApps/apis/shared_commondataserviceforapps"},"parameters":{"actionName":"msdyn_AbandonOperationSetV1","item/OperationSetId":"@outputs('OperationSetId')"},"authentication":{"type":"Raw","value":"@json(decodeBase64(triggerOutputs().headers['X-MS-APIM-Tokens']))['$ConnectionKey']"}}},"Delay_-_Persist_to_Dataverse":{"runAfter":{"Call_ExecuteOperationSetV1":["Succeeded"]},"metadata":{"operationMetadataId":"4c197eac-d4db-4329-9670-fba1f66c7338"},"type":"Wait","inputs":{"interval":{"count":40,"unit":"Second"}},"description":"https://docs.microsoft.com/en-us/dynamics365/project-operations/project-management/project-schedule-api-performance"},"Get_OperationSet":{"runAfter":{"Delay_-_Persist_to_Dataverse":["Succeeded"]},"metadata":{"operationMetadataId":"7bb57697-64d7-4a4d-86af-2891d7c69cc6"},"type":"OpenApiConnection","inputs":{"host":{"connectionName":"shared_commondataserviceforapps","operationId":"GetItem","apiId":"/providers/Microsoft.PowerApps/apis/shared_commondataserviceforapps"},"parameters":{"entityName":"msdyn_operationsets","recordId":"@outputs('OperationSetId')"},"authentication":{"type":"Raw","value":"@json(decodeBase64(triggerOutputs().headers['X-MS-APIM-Tokens']))['$ConnectionKey']"}}},"Did_OperationSet_succeed":{"actions":{"PSS_has_persisted_changes_to_Dataverse":{"runAfter":{},"metadata":{"operationMetadataId":"8d44b72e-13a5-4eb3-b8ec-c4cc6c19fb4c"},"type":"Compose","inputs":"PSS has persisted changes to Dataverse."}},"runAfter":{"Get_OperationSet":["Succeeded"]},"else":{"actions":{"Terminate_as_Failed_for_failed_PSS_persist":{"runAfter":{},"metadata":{"operationMetadataId":"a98e2235-712e-4569-8776-2c49b1f7bb2f"},"type":"Terminate","inputs":{"runStatus":"Failed","runError":{"message":"Oops! Something went wrong!"}}}}},"expression":{"equals":["@outputs('Get_OperationSet')?['body/msdyn_status']",192350003]},"metadata":{"operationMetadataId":"dfbb86bb-3e6c-41f8-8808-3290e1ca4642"},"type":"If"},"Tested_on_4.26.0.155":{"runAfter":{},"metadata":{"operationMetadataId":"83b08dd8-6288-41fd-8c99-2d0161eab1ab"},"type":"Compose","inputs":"Tested on Project Operations Lite 4.26.0.155."}}}},"schemaVersion":"1.0.0.0"}