<environmentvariabledefinition schemaname="d2d_DestinationEnvironmentForMigration">
  <description default="Env var for destination environment to which Project data is migrated to.">
    <label description="Env var for destination environment to which Project data is migrated to." languagecode="1033" />
  </description>
  <displayname default="Destination Environment For Migration">
    <label description="Destination Environment For Migration" languagecode="1033" />
  </displayname>
  <introducedversion>1.0.0.1</introducedversion>
  <iscustomizable>1</iscustomizable>
  <isrequired>0</isrequired>
  <secretstore>0</secretstore>
  <type>100000000</type>
</environmentvariabledefinition>