<ImportExportXml version="9.2.22024.143" SolutionPackageVersion="9.2" languagecode="1033" generatedBy="CrmLive" xmlns:xsi="http://www.w3.org/2001/XMLSchema-instance">
  <SolutionManifest>
    <UniqueName>CopyProjecttoProjOps</UniqueName>
    <LocalizedNames>
      <LocalizedName description="Copy Project to ProjOps" languagecode="1033" />
    </LocalizedNames>
    <Descriptions />
    <Version>1.0.0.1</Version>
    <Managed>0</Managed>
    <Publisher>
      <UniqueName>daytodaydynamics365</UniqueName>
      <LocalizedNames>
        <LocalizedName description="Day to Day Dynamics 365" languagecode="1033" />
      </LocalizedNames>
      <Descriptions />
      <EMailAddress xsi:nil="true"></EMailAddress>
      <SupportingWebsiteUrl xsi:nil="true"></SupportingWebsiteUrl>
      <CustomizationPrefix>d2d</CustomizationPrefix>
      <CustomizationOptionValuePrefix>60248</CustomizationOptionValuePrefix>
      <Addresses>
        <Address>
          <AddressNumber>1</AddressNumber>
          <AddressTypeCode>1</AddressTypeCode>
          <City xsi:nil="true"></City>
          <County xsi:nil="true"></County>
          <Country xsi:nil="true"></Country>
          <Fax xsi:nil="true"></Fax>
          <FreightTermsCode xsi:nil="true"></FreightTermsCode>
          <ImportSequenceNumber xsi:nil="true"></ImportSequenceNumber>
          <Latitude xsi:nil="true"></Latitude>
          <Line1 xsi:nil="true"></Line1>
          <Line2 xsi:nil="true"></Line2>
          <Line3 xsi:nil="true"></Line3>
          <Longitude xsi:nil="true"></Longitude>
          <Name xsi:nil="true"></Name>
          <PostalCode xsi:nil="true"></PostalCode>
          <PostOfficeBox xsi:nil="true"></PostOfficeBox>
          <PrimaryContactName xsi:nil="true"></PrimaryContactName>
          <ShippingMethodCode>1</ShippingMethodCode>
          <StateOrProvince xsi:nil="true"></StateOrProvince>
          <Telephone1 xsi:nil="true"></Telephone1>
          <Telephone2 xsi:nil="true"></Telephone2>
          <Telephone3 xsi:nil="true"></Telephone3>
          <TimeZoneRuleVersionNumber xsi:nil="true"></TimeZoneRuleVersionNumber>
          <UPSZone xsi:nil="true"></UPSZone>
          <UTCOffset xsi:nil="true"></UTCOffset>
          <UTCConversionTimeZoneCode xsi:nil="true"></UTCConversionTimeZoneCode>
        </Address>
        <Address>
          <AddressNumber>2</AddressNumber>
          <AddressTypeCode>1</AddressTypeCode>
          <City xsi:nil="true"></City>
          <County xsi:nil="true"></County>
          <Country xsi:nil="true"></Country>
          <Fax xsi:nil="true"></Fax>
          <FreightTermsCode xsi:nil="true"></FreightTermsCode>
          <ImportSequenceNumber xsi:nil="true"></ImportSequenceNumber>
          <Latitude xsi:nil="true"></Latitude>
          <Line1 xsi:nil="true"></Line1>
          <Line2 xsi:nil="true"></Line2>
          <Line3 xsi:nil="true"></Line3>
          <Longitude xsi:nil="true"></Longitude>
          <Name xsi:nil="true"></Name>
          <PostalCode xsi:nil="true"></PostalCode>
          <PostOfficeBox xsi:nil="true"></PostOfficeBox>
          <PrimaryContactName xsi:nil="true"></PrimaryContactName>
          <ShippingMethodCode>1</ShippingMethodCode>
          <StateOrProvince xsi:nil="true"></StateOrProvince>
          <Telephone1 xsi:nil="true"></Telephone1>
          <Telephone2 xsi:nil="true"></Telephone2>
          <Telephone3 xsi:nil="true"></Telephone3>
          <TimeZoneRuleVersionNumber xsi:nil="true"></TimeZoneRuleVersionNumber>
          <UPSZone xsi:nil="true"></UPSZone>
          <UTCOffset xsi:nil="true"></UTCOffset>
          <UTCConversionTimeZoneCode xsi:nil="true"></UTCConversionTimeZoneCode>
        </Address>
      </Addresses>
    </Publisher>
    <RootComponents>
      <RootComponent type="29" id="{61408486-b87a-ec11-8d21-6045bd90628c}" behavior="0" />
    </RootComponents>
    <MissingDependencies>
      <MissingDependency>
        <Required type="1" schemaName="msdyn_project" displayName="Project" solution="msdyn_ProjectServiceCore (1.0.0.87)">
          <package>msdyn_ProjectServiceCore_Anchor (1.0.26.148)</package>
        </Required>
        <Dependent type="29" displayName="Project migrator flow" id="{61408486-b87a-ec11-8d21-6045bd90628c}" />
      </MissingDependency>
      <MissingDependency>
        <Required type="1" schemaName="msdyn_projecttask" displayName="Project Task" solution="msdyn_ProjectServiceCore (1.0.0.87)">
          <package>msdyn_ProjectServiceCore_Anchor (1.0.26.148)</package>
        </Required>
        <Dependent type="29" displayName="Project migrator flow" id="{61408486-b87a-ec11-8d21-6045bd90628c}" />
      </MissingDependency>
      <MissingDependency>
        <Required type="1" schemaName="msdyn_projecttaskdependency" displayName="Project Task Dependency" solution="msdyn_ProjectServiceCore (1.0.0.87)">
          <package>msdyn_ProjectServiceCore_Anchor (1.0.26.148)</package>
        </Required>
        <Dependent type="29" displayName="Project migrator flow" id="{61408486-b87a-ec11-8d21-6045bd90628c}" />
      </MissingDependency>
      <MissingDependency>
        <Required type="1" schemaName="msdyn_projectteam" displayName="Project Team Member" solution="msdyn_ProjectServiceCore (1.0.0.87)">
          <package>msdyn_ProjectServiceCore_Anchor (1.0.26.148)</package>
        </Required>
        <Dependent type="29" displayName="Project migrator flow" id="{61408486-b87a-ec11-8d21-6045bd90628c}" />
      </MissingDependency>
      <MissingDependency>
        <Required type="1" schemaName="msdyn_resourceassignment" displayName="Resource Assignment" solution="msdyn_ProjectServiceCore (1.0.0.87)">
          <package>msdyn_ProjectServiceCore_Anchor (1.0.26.148)</package>
        </Required>
        <Dependent type="29" displayName="Project migrator flow" id="{61408486-b87a-ec11-8d21-6045bd90628c}" />
      </MissingDependency>
    </MissingDependencies>
  </SolutionManifest>
</ImportExportXml>