<ImportExportXml version="9.2.21094.144" SolutionPackageVersion="9.2" languagecode="1033" generatedBy="CrmLive" xmlns:xsi="http://www.w3.org/2001/XMLSchema-instance">
  <SolutionManifest>
    <UniqueName>ProjOpsInvoiceAttachmentFlow</UniqueName>
    <LocalizedNames>
      <LocalizedName description="ProjOps Invoice Attachment Flow" languagecode="1033" />
    </LocalizedNames>
    <Descriptions />
    <Version>1.0.0.0</Version>
    <Managed>0</Managed>
    <Publisher>
      <UniqueName>daytodaydynamics365</UniqueName>
      <LocalizedNames>
        <LocalizedName description="Day to Day Dynamics 365" languagecode="1033" />
      </LocalizedNames>
      <Descriptions>
        <Description description="Publisher for MVP Antti Pajunen." languagecode="1033" />
      </Descriptions>
      <EMailAddress xsi:nil="true"></EMailAddress>
      <SupportingWebsiteUrl xsi:nil="true"></SupportingWebsiteUrl>
      <CustomizationPrefix>d2d</CustomizationPrefix>
      <CustomizationOptionValuePrefix>60248</CustomizationOptionValuePrefix>
      <Addresses>
        <Address>
          <AddressNumber>1</AddressNumber>
          <AddressTypeCode>1</AddressTypeCode>
          <City xsi:nil="true"></City>
          <County xsi:nil="true"></County>
          <Country xsi:nil="true"></Country>
          <Fax xsi:nil="true"></Fax>
          <FreightTermsCode xsi:nil="true"></FreightTermsCode>
          <ImportSequenceNumber xsi:nil="true"></ImportSequenceNumber>
          <Latitude xsi:nil="true"></Latitude>
          <Line1 xsi:nil="true"></Line1>
          <Line2 xsi:nil="true"></Line2>
          <Line3 xsi:nil="true"></Line3>
          <Longitude xsi:nil="true"></Longitude>
          <Name xsi:nil="true"></Name>
          <PostalCode xsi:nil="true"></PostalCode>
          <PostOfficeBox xsi:nil="true"></PostOfficeBox>
          <PrimaryContactName xsi:nil="true"></PrimaryContactName>
          <ShippingMethodCode>1</ShippingMethodCode>
          <StateOrProvince xsi:nil="true"></StateOrProvince>
          <Telephone1 xsi:nil="true"></Telephone1>
          <Telephone2 xsi:nil="true"></Telephone2>
          <Telephone3 xsi:nil="true"></Telephone3>
          <TimeZoneRuleVersionNumber xsi:nil="true"></TimeZoneRuleVersionNumber>
          <UPSZone xsi:nil="true"></UPSZone>
          <UTCOffset xsi:nil="true"></UTCOffset>
          <UTCConversionTimeZoneCode xsi:nil="true"></UTCConversionTimeZoneCode>
        </Address>
        <Address>
          <AddressNumber>2</AddressNumber>
          <AddressTypeCode>1</AddressTypeCode>
          <City xsi:nil="true"></City>
          <County xsi:nil="true"></County>
          <Country xsi:nil="true"></Country>
          <Fax xsi:nil="true"></Fax>
          <FreightTermsCode xsi:nil="true"></FreightTermsCode>
          <ImportSequenceNumber xsi:nil="true"></ImportSequenceNumber>
          <Latitude xsi:nil="true"></Latitude>
          <Line1 xsi:nil="true"></Line1>
          <Line2 xsi:nil="true"></Line2>
          <Line3 xsi:nil="true"></Line3>
          <Longitude xsi:nil="true"></Longitude>
          <Name xsi:nil="true"></Name>
          <PostalCode xsi:nil="true"></PostalCode>
          <PostOfficeBox xsi:nil="true"></PostOfficeBox>
          <PrimaryContactName xsi:nil="true"></PrimaryContactName>
          <ShippingMethodCode>1</ShippingMethodCode>
          <StateOrProvince xsi:nil="true"></StateOrProvince>
          <Telephone1 xsi:nil="true"></Telephone1>
          <Telephone2 xsi:nil="true"></Telephone2>
          <Telephone3 xsi:nil="true"></Telephone3>
          <TimeZoneRuleVersionNumber xsi:nil="true"></TimeZoneRuleVersionNumber>
          <UPSZone xsi:nil="true"></UPSZone>
          <UTCOffset xsi:nil="true"></UTCOffset>
          <UTCConversionTimeZoneCode xsi:nil="true"></UTCConversionTimeZoneCode>
        </Address>
      </Addresses>
    </Publisher>
    <RootComponents>
      <RootComponent type="29" id="{90062477-d629-ec11-b6e5-000d3a5b9c44}" behavior="0" />
    </RootComponents>
    <MissingDependencies>
      <MissingDependency>
        <Required type="1" schemaName="bookableresource" displayName="Bookable Resource" solution="msdynce_Scheduling (9.0.0.0)" />
        <Dependent type="29" displayName="ProjOps Invoice Attachment" id="{90062477-d629-ec11-b6e5-000d3a5b9c44}" />
      </MissingDependency>
      <MissingDependency>
        <Required type="1" schemaName="invoice" displayName="Invoice" solution="msdynce_Sales (9.0.4.0076)">
          <package>msdynce_SalesAnchor (9.0.21055.10001)</package>
        </Required>
        <Dependent type="29" displayName="ProjOps Invoice Attachment" id="{90062477-d629-ec11-b6e5-000d3a5b9c44}" />
      </MissingDependency>
      <MissingDependency>
        <Required type="1" schemaName="invoicedetail" displayName="Invoice Line" solution="msdynce_Sales (9.0.4.0076)">
          <package>msdynce_SalesAnchor (9.0.21055.10001)</package>
        </Required>
        <Dependent type="29" displayName="ProjOps Invoice Attachment" id="{90062477-d629-ec11-b6e5-000d3a5b9c44}" />
      </MissingDependency>
      <MissingDependency>
        <Required type="1" schemaName="msdyn_invoicelinetransaction" displayName="Invoice Line Detail" solution="ProjectService (4.25.0.91)">
          <package>ProjectOperations_Anchor (4.11.0.164)</package>
        </Required>
        <Dependent type="29" displayName="ProjOps Invoice Attachment" id="{90062477-d629-ec11-b6e5-000d3a5b9c44}" />
      </MissingDependency>
      <MissingDependency>
        <Required type="1" schemaName="msdyn_project" displayName="Project" solution="msdyn_ProjectServiceCore (1.0.0.87)">
          <package>ProjectOperations_Anchor (4.11.0.164)</package>
        </Required>
        <Dependent type="29" displayName="ProjOps Invoice Attachment" id="{90062477-d629-ec11-b6e5-000d3a5b9c44}" />
      </MissingDependency>
      <MissingDependency>
        <Required type="1" schemaName="msdyn_projecttask" displayName="Project Task" solution="msdyn_ProjectServiceCore (1.0.0.87)">
          <package>ProjectOperations_Anchor (4.11.0.164)</package>
        </Required>
        <Dependent type="29" displayName="ProjOps Invoice Attachment" id="{90062477-d629-ec11-b6e5-000d3a5b9c44}" />
      </MissingDependency>
      <MissingDependency>
        <Required type="1" schemaName="salesorder" displayName="Order" solution="msdynce_Sales (9.0.4.0076)">
          <package>msdynce_SalesAnchor (9.0.21055.10001)</package>
        </Required>
        <Dependent type="29" displayName="ProjOps Invoice Attachment" id="{90062477-d629-ec11-b6e5-000d3a5b9c44}" />
      </MissingDependency>
    </MissingDependencies>
  </SolutionManifest>
</ImportExportXml>