{
  "properties": {
    "connectionReferences": {
      "shared_commondataserviceforapps_1": {
        "runtimeSource": "embedded",
        "connection": {
          "connectionReferenceLogicalName": "d2d_sharedcommondataserviceforapps_5c6d9"
        },
        "api": {
          "name": "shared_commondataserviceforapps"
        }
      }
    },
    "definition": {
      "$schema": "https://schema.management.azure.com/providers/Microsoft.Logic/schemas/2016-06-01/workflowdefinition.json#",
      "contentVersion": "1.0.0.0",
      "parameters": {
        "$connections": {
          "defaultValue": {},
          "type": "Object"
        },
        "$authentication": {
          "defaultValue": {},
          "type": "SecureObject"
        }
      },
      "triggers": {
        "manual": {
          "metadata": {
            "operationMetadataId": "54f96889-7362-4cdb-b422-304330a6f9a5"
          },
          "type": "Request",
          "kind": "Button",
          "inputs": {
            "schema": {
              "type": "object",
              "properties": {
                "text": {
                  "title": "d2d_projectstagingid",
                  "type": "string",
                  "x-ms-dynamically-added": true,
                  "description": "Project Staging row's GUID",
                  "x-ms-content-hint": "TEXT"
                },
                "boolean": {
                  "title": "Create Project Team Membsers and Resource Assignments?",
                  "type": "boolean",
                  "x-ms-dynamically-added": true,
                  "description": "Please select yes or no",
                  "x-ms-content-hint": "BOOLEAN"
                }
              },
              "required": [
                "text",
                "boolean"
              ]
            }
          }
        }
      },
      "actions": {
        "Get_Project_Staging_row": {
          "runAfter": {
            "Initialize_varOdataType": [
              "Succeeded"
            ]
          },
          "metadata": {
            "operationMetadataId": "251e0bb8-7cd3-49fd-80b7-a1dcc7c1716b"
          },
          "type": "OpenApiConnection",
          "inputs": {
            "host": {
              "connectionName": "shared_commondataserviceforapps_1",
              "operationId": "GetItem",
              "apiId": "/providers/Microsoft.PowerApps/apis/shared_commondataserviceforapps"
            },
            "parameters": {
              "entityName": "d2d_projectstagings",
              "recordId": "@triggerBody()['text']"
            },
            "authentication": {
              "type": "Raw",
              "value": "@json(decodeBase64(triggerOutputs().headers['X-MS-APIM-Tokens']))['$ConnectionKey']"
            }
          }
        },
        "List_Work_templates": {
          "runAfter": {
            "Get_Project_Staging_row": [
              "Succeeded"
            ]
          },
          "metadata": {
            "operationMetadataId": "3cb86c4a-d642-44ba-b7ff-c07353c8cfd7"
          },
          "type": "OpenApiConnection",
          "inputs": {
            "host": {
              "connectionName": "shared_commondataserviceforapps_1",
              "operationId": "ListRecords",
              "apiId": "/providers/Microsoft.PowerApps/apis/shared_commondataserviceforapps"
            },
            "parameters": {
              "entityName": "msdyn_workhourtemplates",
              "$filter": "msdyn_name eq '@{outputs('Get_Project_Staging_row')?['body/d2d_calendartemplate']}'"
            },
            "authentication": {
              "type": "Raw",
              "value": "@json(decodeBase64(triggerOutputs().headers['X-MS-APIM-Tokens']))['$ConnectionKey']"
            }
          }
        },
        "List_Organizational_Units": {
          "runAfter": {
            "List_Work_templates": [
              "Succeeded"
            ]
          },
          "metadata": {
            "operationMetadataId": "8ae867c3-916e-470f-9a57-5a55e4ffcc23"
          },
          "type": "OpenApiConnection",
          "inputs": {
            "host": {
              "connectionName": "shared_commondataserviceforapps_1",
              "operationId": "ListRecords",
              "apiId": "/providers/Microsoft.PowerApps/apis/shared_commondataserviceforapps"
            },
            "parameters": {
              "entityName": "msdyn_organizationalunits",
              "$filter": "msdyn_name eq '@{outputs('Get_Project_Staging_row')?['body/d2d_organizationalunit']}'"
            },
            "authentication": {
              "type": "Raw",
              "value": "@json(decodeBase64(triggerOutputs().headers['X-MS-APIM-Tokens']))['$ConnectionKey']"
            }
          }
        },
        "List_Users": {
          "runAfter": {
            "List_Organizational_Units": [
              "Succeeded"
            ]
          },
          "metadata": {
            "operationMetadataId": "4795c995-05ca-4eaf-9741-8f9da730c14e"
          },
          "type": "OpenApiConnection",
          "inputs": {
            "host": {
              "connectionName": "shared_commondataserviceforapps_1",
              "operationId": "ListRecords",
              "apiId": "/providers/Microsoft.PowerApps/apis/shared_commondataserviceforapps"
            },
            "parameters": {
              "entityName": "systemusers",
              "$filter": "fullname eq '@{outputs('Get_Project_Staging_row')?['body/d2d_projectmanager']}'"
            },
            "authentication": {
              "type": "Raw",
              "value": "@json(decodeBase64(triggerOutputs().headers['X-MS-APIM-Tokens']))['$ConnectionKey']"
            }
          }
        },
        "User": {
          "runAfter": {
            "List_Users": [
              "Succeeded"
            ]
          },
          "metadata": {
            "operationMetadataId": "b23d9bb4-5b09-4073-87ed-602d105dce68"
          },
          "type": "Compose",
          "inputs": "@first(body('List_Users')?['value'])?['systemuserid']",
          "description": "first(body('List_Users')?['value'])?['systemuserid']"
        },
        "Work_template": {
          "runAfter": {
            "List_Users": [
              "Succeeded"
            ]
          },
          "metadata": {
            "operationMetadataId": "3a4af233-1de7-404d-82c5-19708c56fecb"
          },
          "type": "Compose",
          "inputs": "@first(body('List_Work_templates')?['value'])?['msdyn_workhourtemplateid']",
          "description": "first(body('List_Work_templates')?['value'])?['msdyn_workhourtemplateid']"
        },
        "Organizational_Unit": {
          "runAfter": {
            "List_Users": [
              "Succeeded"
            ]
          },
          "metadata": {
            "operationMetadataId": "8289b261-0ff4-4afb-8366-322beaa83407"
          },
          "type": "Compose",
          "inputs": "@first(body('List_Organizational_Units')?['value'])?['msdyn_organizationalunitid']",
          "description": "first(body('List_Organizational_Units')?['value'])?['msdyn_organizationalunitid']"
        },
        "Project_and_Tasks": {
          "actions": {
            "Call_CreateProjectV1": {
              "runAfter": {},
              "metadata": {
                "operationMetadataId": "19036b86-3c5a-4dce-9059-8e76629f8474"
              },
              "type": "OpenApiConnection",
              "inputs": {
                "host": {
                  "connectionName": "shared_commondataserviceforapps_1",
                  "operationId": "PerformUnboundAction",
                  "apiId": "/providers/Microsoft.PowerApps/apis/shared_commondataserviceforapps"
                },
                "parameters": {
                  "actionName": "@trim('msdyn_CreateProjectV1')",
                  "item": {
                    "Project": {
                      "msdyn_subject": "@{outputs('Get_Project_Staging_row')?['body/d2d_name']}",
                      "msdyn_schedulemode": "@outputs('Get_Project_Staging_row')?['body/d2d_schedulemode']",
                      "msdyn_scheduledstart": "@{outputs('Get_Project_Staging_row')?['body/d2d_estimatedstartdate']}",
                      "msdyn_workhourtemplate@odata.bind": "msdyn_workhourtemplates(@{outputs('Work_template')})",
                      "msdyn_ContractOrganizationalUnitId@odata.bind": "msdyn_organizationalunits(@{outputs('Organizational_Unit')})",
                      "msdyn_projectmanager@odata.bind": "systemusers(@{outputs('User')})"
                    }
                  }
                },
                "authentication": {
                  "type": "Raw",
                  "value": "@json(decodeBase64(triggerOutputs().headers['X-MS-APIM-Tokens']))['$ConnectionKey']"
                }
              },
              "description": "trim('msdyn_CreateProjectV1') // P4W doesn't have Accounts so \"msdyn_customer@odata.bind\": \"accounts()\" is not required."
            },
            "List_Project_Buckets": {
              "runAfter": {
                "Project": [
                  "Succeeded"
                ]
              },
              "metadata": {
                "operationMetadataId": "a0186389-a5d9-4c84-a214-d80702374682"
              },
              "type": "OpenApiConnection",
              "inputs": {
                "host": {
                  "connectionName": "shared_commondataserviceforapps_1",
                  "operationId": "ListRecords",
                  "apiId": "/providers/Microsoft.PowerApps/apis/shared_commondataserviceforapps"
                },
                "parameters": {
                  "entityName": "msdyn_projectbuckets",
                  "$filter": "_msdyn_project_value eq '@{outputs('Project')}'"
                },
                "authentication": {
                  "type": "Raw",
                  "value": "@json(decodeBase64(triggerOutputs().headers['X-MS-APIM-Tokens']))['$ConnectionKey']"
                }
              },
              "description": "body('Call_CreateProjectV1')?['ProjectId']"
            },
            "Project_Bucket": {
              "runAfter": {
                "List_Project_Buckets": [
                  "Succeeded"
                ]
              },
              "metadata": {
                "operationMetadataId": "a2ce1c30-ccda-41e2-915f-77a61a64df37"
              },
              "type": "Compose",
              "inputs": "@first(body('List_Project_Buckets')?['value'])?['msdyn_projectbucketid']",
              "description": "first(body('List_Project_Buckets')?['value'])?['msdyn_projectbucketid']"
            },
            "Call_CreateOperationSetV1_for_Tasks": {
              "runAfter": {
                "List_Project_Task_Staging_rows": [
                  "Succeeded"
                ]
              },
              "metadata": {
                "operationMetadataId": "32f3667f-a8c9-48a9-9587-a62ddc65f082"
              },
              "type": "OpenApiConnection",
              "inputs": {
                "host": {
                  "connectionName": "shared_commondataserviceforapps_1",
                  "operationId": "PerformUnboundAction",
                  "apiId": "/providers/Microsoft.PowerApps/apis/shared_commondataserviceforapps"
                },
                "parameters": {
                  "actionName": "msdyn_CreateOperationSetV1",
                  "item/ProjectId": "@outputs('Project')",
                  "item/Description": "Operation Set for project copy from P4W to ProjOps. Tasks."
                },
                "authentication": {
                  "type": "Raw",
                  "value": "@json(decodeBase64(triggerOutputs().headers['X-MS-APIM-Tokens']))['$ConnectionKey']"
                }
              },
              "description": " body('Call_CreateProjectV1')?['ProjectId']"
            },
            "Apply_to_each_Project_Task_Staging_row": {
              "foreach": "@outputs('List_Project_Task_Staging_rows')?['body/value']",
              "actions": {
                "Call_PssCreateV1_for_Project_Task": {
                  "runAfter": {},
                  "metadata": {
                    "operationMetadataId": "fb3077a5-3c93-4dfa-9fa3-e426c07e3bbc"
                  },
                  "type": "OpenApiConnection",
                  "inputs": {
                    "host": {
                      "connectionName": "shared_commondataserviceforapps_1",
                      "operationId": "PerformUnboundAction",
                      "apiId": "/providers/Microsoft.PowerApps/apis/shared_commondataserviceforapps"
                    },
                    "parameters": {
                      "actionName": "msdyn_PssCreateV1",
                      "item/Entity": {
                        "msdyn_LinkStatus": 192350000,
                        "msdyn_subject": "@{items('Apply_to_each_Project_Task_Staging_row')?['d2d_name']}",
                        "msdyn_duration": "@items('Apply_to_each_Project_Task_Staging_row')?['d2d_duration']",
                        "msdyn_start": "@{items('Apply_to_each_Project_Task_Staging_row')?['d2d_start']}",
                        "msdyn_finish": "@{items('Apply_to_each_Project_Task_Staging_row')?['d2d_finish']}",
                        "msdyn_outlinelevel": "@items('Apply_to_each_Project_Task_Staging_row')?['d2d_outlinelevel']",
                        "msdyn_displaysequence": "@items('Apply_to_each_Project_Task_Staging_row')?['d2d_displaysequence']",
                        "@{variables('varOdataType')}": "Microsoft.Dynamics.CRM.msdyn_projecttask",
                        "msdyn_project@odata.bind": "msdyn_projects(@{outputs('Project')})",
                        "msdyn_projectbucket@odata.bind": "msdyn_projectbuckets(@{outputs('Project_Bucket')})"
                      },
                      "item/OperationSetId": "@outputs('Call_CreateOperationSetV1_for_Tasks')?['body/OperationSetId']"
                    },
                    "authentication": {
                      "type": "Raw",
                      "value": "@json(decodeBase64(triggerOutputs().headers['X-MS-APIM-Tokens']))['$ConnectionKey']"
                    }
                  }
                }
              },
              "runAfter": {
                "Call_CreateOperationSetV1_for_Tasks": [
                  "Succeeded"
                ]
              },
              "metadata": {
                "operationMetadataId": "ffc0b9a2-654d-4b16-9f3a-edff90641caf"
              },
              "type": "Foreach"
            },
            "Project": {
              "runAfter": {
                "Call_CreateProjectV1": [
                  "Succeeded"
                ]
              },
              "metadata": {
                "operationMetadataId": "ed84c456-b94c-48da-bc4b-1deba00cc098"
              },
              "type": "Compose",
              "inputs": "@body('Call_CreateProjectV1')?['ProjectId']",
              "description": "body('Call_CreateProjectV1')?['ProjectId']"
            },
            "Call_ExecuteOperationSet_for_Tasks": {
              "runAfter": {
                "Length_of_Project_Task_Staging_rows": [
                  "Succeeded"
                ]
              },
              "metadata": {
                "operationMetadataId": "d056be16-ace8-4506-b0e8-a5bf74fb4202"
              },
              "type": "OpenApiConnection",
              "inputs": {
                "host": {
                  "connectionName": "shared_commondataserviceforapps_1",
                  "operationId": "PerformUnboundAction",
                  "apiId": "/providers/Microsoft.PowerApps/apis/shared_commondataserviceforapps"
                },
                "parameters": {
                  "actionName": "msdyn_ExecuteOperationSetV1",
                  "item/OperationSetId": "@outputs('Call_CreateOperationSetV1_for_Tasks')?['body/OperationSetId']"
                },
                "authentication": {
                  "type": "Raw",
                  "value": "@json(decodeBase64(triggerOutputs().headers['X-MS-APIM-Tokens']))['$ConnectionKey']"
                }
              }
            },
            "Length_of_Project_Task_Staging_rows": {
              "runAfter": {
                "Apply_to_each_Project_Task_Staging_row": [
                  "Succeeded"
                ]
              },
              "metadata": {
                "operationMetadataId": "ba7c3a2a-1f53-41b7-bc6d-6f543f0fde86"
              },
              "type": "Compose",
              "inputs": "@length(outputs('List_Project_Task_Staging_rows')?['body/value'])",
              "description": "length(outputs('List_Project_Task_Staging_rows')?['body/value'])"
            },
            "Delay_for_Project_Tasks": {
              "runAfter": {
                "Call_ExecuteOperationSet_for_Tasks": [
                  "Succeeded"
                ]
              },
              "metadata": {
                "operationMetadataId": "7c42a4b6-a516-468c-9280-7594dd048383"
              },
              "type": "Wait",
              "inputs": {
                "interval": {
                  "count": "@if(greater(outputs('Length_of_Project_Task_Staging_rows'),19),60,40)",
                  "unit": "Second"
                }
              },
              "description": "if(greater(outputs('Length_of_Project_Task_Staging_rows'),19),60,40) // Delay for PSS persist to Dataverse."
            },
            "List_Project_Task_Staging_rows": {
              "runAfter": {
                "Project_Bucket": [
                  "Succeeded"
                ]
              },
              "metadata": {
                "operationMetadataId": "753827e9-6f1a-46bd-a325-2cf1b84923f5"
              },
              "type": "OpenApiConnection",
              "inputs": {
                "host": {
                  "connectionName": "shared_commondataserviceforapps_1",
                  "operationId": "ListRecords",
                  "apiId": "/providers/Microsoft.PowerApps/apis/shared_commondataserviceforapps"
                },
                "parameters": {
                  "entityName": "d2d_projecttaskstagings",
                  "$filter": "_d2d_projectstagingid_value eq '@{outputs('Get_Project_Staging_row')?['body/d2d_projectstagingid']}'",
                  "$orderby": "d2d_displaysequence asc"
                },
                "authentication": {
                  "type": "Raw",
                  "value": "@json(decodeBase64(triggerOutputs().headers['X-MS-APIM-Tokens']))['$ConnectionKey']"
                }
              }
            }
          },
          "runAfter": {
            "Organizational_Unit": [
              "Succeeded"
            ],
            "User": [
              "Succeeded"
            ],
            "Work_template": [
              "Succeeded"
            ]
          },
          "metadata": {
            "operationMetadataId": "6a0e63f2-12df-4a10-b68b-0369b4ecb8f5"
          },
          "type": "Scope"
        },
        "Dependencies": {
          "actions": {
            "List_Project_Task_Dependency_Staging_rows": {
              "runAfter": {},
              "metadata": {
                "operationMetadataId": "8a2c988a-8ae1-4c0b-bd8a-3cf162c0f2c4"
              },
              "type": "OpenApiConnection",
              "inputs": {
                "host": {
                  "connectionName": "shared_commondataserviceforapps_1",
                  "operationId": "ListRecords",
                  "apiId": "/providers/Microsoft.PowerApps/apis/shared_commondataserviceforapps"
                },
                "parameters": {
                  "entityName": "d2d_projecttaskdependencystagings",
                  "$filter": "_d2d_projectstagingid_value eq '@{outputs('Get_Project_Staging_row')?['body/d2d_projectstagingid']}'"
                },
                "authentication": {
                  "type": "Raw",
                  "value": "@json(decodeBase64(triggerOutputs().headers['X-MS-APIM-Tokens']))['$ConnectionKey']"
                }
              }
            },
            "Call_CreateOperationSetV1_for_Dependencies": {
              "runAfter": {
                "List_Project_Task_Dependency_Staging_rows": [
                  "Succeeded"
                ]
              },
              "metadata": {
                "operationMetadataId": "32f3667f-a8c9-48a9-9587-a62ddc65f082"
              },
              "type": "OpenApiConnection",
              "inputs": {
                "host": {
                  "connectionName": "shared_commondataserviceforapps_1",
                  "operationId": "PerformUnboundAction",
                  "apiId": "/providers/Microsoft.PowerApps/apis/shared_commondataserviceforapps"
                },
                "parameters": {
                  "actionName": "msdyn_CreateOperationSetV1",
                  "item/ProjectId": "@outputs('Project')",
                  "item/Description": "Operation Set for project copy from P4W to ProjOps. Dependencies."
                },
                "authentication": {
                  "type": "Raw",
                  "value": "@json(decodeBase64(triggerOutputs().headers['X-MS-APIM-Tokens']))['$ConnectionKey']"
                }
              },
              "description": " body('Call_CreateProjectV1')?['ProjectId']"
            },
            "Apply_to_each_Project_Task_Dependency_Staging_row": {
              "foreach": "@outputs('List_Project_Task_Dependency_Staging_rows')?['body/value']",
              "actions": {
                "List_Project_Tasks_for_Predecessor_Tasks": {
                  "runAfter": {},
                  "metadata": {
                    "operationMetadataId": "40609a34-2384-4fb3-9355-d06e95760a02"
                  },
                  "type": "OpenApiConnection",
                  "inputs": {
                    "host": {
                      "connectionName": "shared_commondataserviceforapps_1",
                      "operationId": "ListRecords",
                      "apiId": "/providers/Microsoft.PowerApps/apis/shared_commondataserviceforapps"
                    },
                    "parameters": {
                      "entityName": "msdyn_projecttasks",
                      "$filter": "_msdyn_project_value eq '@{outputs('Project')}' and msdyn_subject eq '@{items('Apply_to_each_Project_Task_Dependency_Staging_row')?['d2d_predecessortask']}' and msdyn_displaysequence eq @{items('Apply_to_each_Project_Task_Dependency_Staging_row')?['d2d_predecessortaskdisplaysequence']} "
                    },
                    "authentication": {
                      "type": "Raw",
                      "value": "@json(decodeBase64(triggerOutputs().headers['X-MS-APIM-Tokens']))['$ConnectionKey']"
                    }
                  }
                },
                "List_Project_Tasks_for_Successor_Tasks": {
                  "runAfter": {
                    "List_Project_Tasks_for_Predecessor_Tasks": [
                      "Succeeded"
                    ]
                  },
                  "metadata": {
                    "operationMetadataId": "40609a34-2384-4fb3-9355-d06e95760a02"
                  },
                  "type": "OpenApiConnection",
                  "inputs": {
                    "host": {
                      "connectionName": "shared_commondataserviceforapps_1",
                      "operationId": "ListRecords",
                      "apiId": "/providers/Microsoft.PowerApps/apis/shared_commondataserviceforapps"
                    },
                    "parameters": {
                      "entityName": "msdyn_projecttasks",
                      "$filter": "_msdyn_project_value eq '@{outputs('Project')}' and msdyn_subject eq '@{items('Apply_to_each_Project_Task_Dependency_Staging_row')?['d2d_successortask']}' and msdyn_displaysequence eq @{items('Apply_to_each_Project_Task_Dependency_Staging_row')?['d2d_successortaskdisplaysequence']}"
                    },
                    "authentication": {
                      "type": "Raw",
                      "value": "@json(decodeBase64(triggerOutputs().headers['X-MS-APIM-Tokens']))['$ConnectionKey']"
                    }
                  }
                },
                "Update_Project_Task_Dependence_Staging_row": {
                  "runAfter": {
                    "List_Project_Tasks_for_Successor_Tasks": [
                      "Succeeded"
                    ]
                  },
                  "metadata": {
                    "operationMetadataId": "e84a21f0-fc4f-4aca-9281-2afc00d1939e"
                  },
                  "type": "OpenApiConnection",
                  "inputs": {
                    "host": {
                      "connectionName": "shared_commondataserviceforapps_1",
                      "operationId": "UpdateRecord",
                      "apiId": "/providers/Microsoft.PowerApps/apis/shared_commondataserviceforapps"
                    },
                    "parameters": {
                      "entityName": "d2d_projecttaskdependencystagings",
                      "recordId": "@items('Apply_to_each_Project_Task_Dependency_Staging_row')?['d2d_projecttaskdependencystagingid']",
                      "item/d2d_predecessortaskid": "@first(body('List_Project_Tasks_for_Predecessor_Tasks')?['value'])?['msdyn_projecttaskid']",
                      "item/d2d_successortaskid": "@first(body('List_Project_Tasks_for_Successor_Tasks')?['value'])?['msdyn_projecttaskid']"
                    },
                    "authentication": {
                      "type": "Raw",
                      "value": "@json(decodeBase64(triggerOutputs().headers['X-MS-APIM-Tokens']))['$ConnectionKey']"
                    }
                  },
                  "description": "first(body('List_Project_Tasks_for_Predecessor_Tasks')?['value'])?['msdyn_projecttaskid'] // first(body('List_Project_Tasks_for_Successor_Tasks')?['value'])?['msdyn_projecttaskid']"
                },
                "Call_PssCreateV1_for_Dependencies": {
                  "runAfter": {
                    "Update_Project_Task_Dependence_Staging_row": [
                      "Succeeded"
                    ]
                  },
                  "metadata": {
                    "operationMetadataId": "56c1f035-061a-4851-935c-c222768ed2d9"
                  },
                  "type": "OpenApiConnection",
                  "inputs": {
                    "host": {
                      "connectionName": "shared_commondataserviceforapps_1",
                      "operationId": "PerformUnboundAction",
                      "apiId": "/providers/Microsoft.PowerApps/apis/shared_commondataserviceforapps"
                    },
                    "parameters": {
                      "actionName": "msdyn_PssCreateV1",
                      "item/Entity": {
                        "msdyn_linktype": 192350000,
                        "msdyn_projecttaskdependencylinktype": 1,
                        "msdyn_description": "Dependency between @{outputs('Update_Project_Task_Dependence_Staging_row')?['body/d2d_predecessortask']} and @{outputs('Update_Project_Task_Dependence_Staging_row')?['body/d2d_successortask']}",
                        "@{variables('varOdataType')}": "Microsoft.Dynamics.CRM.msdyn_projecttaskdependency",
                        "msdyn_Project@odata.bind": "msdyn_projects(@{outputs('Project')})",
                        "msdyn_PredecessorTask@odata.bind": "msdyn_projecttasks(@{outputs('Update_Project_Task_Dependence_Staging_row')?['body/d2d_predecessortaskid']})",
                        "msdyn_SuccessorTask@odata.bind": "msdyn_projecttasks(@{outputs('Update_Project_Task_Dependence_Staging_row')?['body/d2d_successortaskid']})"
                      },
                      "item/OperationSetId": "@outputs('Call_CreateOperationSetV1_for_Dependencies')?['body/OperationSetId']"
                    },
                    "authentication": {
                      "type": "Raw",
                      "value": "@json(decodeBase64(triggerOutputs().headers['X-MS-APIM-Tokens']))['$ConnectionKey']"
                    }
                  }
                }
              },
              "runAfter": {
                "Call_CreateOperationSetV1_for_Dependencies": [
                  "Succeeded"
                ]
              },
              "metadata": {
                "operationMetadataId": "138708f1-0ace-4331-9eb4-a29e799fa6c3"
              },
              "type": "Foreach"
            },
            "Call_ExecuteOperationSet_for_Dependencies": {
              "runAfter": {
                "Apply_to_each_Project_Task_Dependency_Staging_row": [
                  "Succeeded"
                ]
              },
              "metadata": {
                "operationMetadataId": "7f549b9c-d35d-4737-906c-6200295df886"
              },
              "type": "OpenApiConnection",
              "inputs": {
                "host": {
                  "connectionName": "shared_commondataserviceforapps_1",
                  "operationId": "PerformUnboundAction",
                  "apiId": "/providers/Microsoft.PowerApps/apis/shared_commondataserviceforapps"
                },
                "parameters": {
                  "actionName": "msdyn_ExecuteOperationSetV1",
                  "item/OperationSetId": "@outputs('Call_CreateOperationSetV1_for_Dependencies')?['body/OperationSetId']"
                },
                "authentication": {
                  "type": "Raw",
                  "value": "@json(decodeBase64(triggerOutputs().headers['X-MS-APIM-Tokens']))['$ConnectionKey']"
                }
              }
            },
            "Length_of_Project_Task_Dependency_Staging_rows": {
              "runAfter": {
                "Call_ExecuteOperationSet_for_Dependencies": [
                  "Succeeded"
                ]
              },
              "metadata": {
                "operationMetadataId": "ba7c3a2a-1f53-41b7-bc6d-6f543f0fde86"
              },
              "type": "Compose",
              "inputs": "@length(outputs('List_Project_Task_Dependency_Staging_rows')?['body/value'])",
              "description": "length(outputs('List_Project_Task_Dependency_Staging_rows')?['body/value'])"
            },
            "Delay_for_Dependencies": {
              "runAfter": {
                "Length_of_Project_Task_Dependency_Staging_rows": [
                  "Succeeded"
                ]
              },
              "metadata": {
                "operationMetadataId": "dd9ca618-9b43-4690-9725-efb80960d445"
              },
              "type": "Wait",
              "inputs": {
                "interval": {
                  "count": "@if(greater(outputs('Length_of_Project_Task_Dependency_Staging_rows'),19),60,40)",
                  "unit": "Second"
                }
              },
              "description": "if(greater(outputs('Length_of_Project_Task_Dependency_Staging_rows'),19),60,40) // Delay for PSS persist to Dataverse."
            }
          },
          "runAfter": {
            "Project_and_Tasks": [
              "Succeeded"
            ]
          },
          "metadata": {
            "operationMetadataId": "923f8d34-048b-43eb-b8bd-a41d1bad8a40"
          },
          "type": "Scope"
        },
        "Initialize_varOdataType": {
          "runAfter": {},
          "metadata": {
            "operationMetadataId": "c61cefde-352b-455f-ad8a-a7b0f7b88f8f"
          },
          "type": "InitializeVariable",
          "inputs": {
            "variables": [
              {
                "name": "varOdataType",
                "type": "string",
                "value": "@@odata.type"
              }
            ]
          },
          "description": "Store @odata.type in this var for use in JSON so the need to escape the @ is mitigated. For some reason a compose doesn't work reliably so a var is needed."
        },
        "Resource_Assignments": {
          "actions": {
            "List_Resource_Assignment_Stagings": {
              "runAfter": {},
              "metadata": {
                "operationMetadataId": "540d4122-dc03-498b-aaf4-3a29dff86554"
              },
              "type": "OpenApiConnection",
              "inputs": {
                "host": {
                  "connectionName": "shared_commondataserviceforapps_1",
                  "operationId": "ListRecords",
                  "apiId": "/providers/Microsoft.PowerApps/apis/shared_commondataserviceforapps"
                },
                "parameters": {
                  "entityName": "d2d_resourceassignmentstagings",
                  "$filter": "d2d_project eq '@{outputs('Get_Project_Staging_row')?['body/d2d_name']}'"
                },
                "authentication": {
                  "type": "Raw",
                  "value": "@json(decodeBase64(triggerOutputs().headers['X-MS-APIM-Tokens']))['$ConnectionKey']"
                }
              }
            },
            "Apply_to_each_Resource_Assignment_Staging_row": {
              "foreach": "@outputs('List_Resource_Assignment_Stagings')?['body/value']",
              "actions": {
                "List_Project_Team_Members": {
                  "runAfter": {},
                  "metadata": {
                    "operationMetadataId": "7ab156c1-b6a2-4cca-b66c-0d95297cf07d"
                  },
                  "type": "OpenApiConnection",
                  "inputs": {
                    "host": {
                      "connectionName": "shared_commondataserviceforapps_1",
                      "operationId": "ListRecords",
                      "apiId": "/providers/Microsoft.PowerApps/apis/shared_commondataserviceforapps"
                    },
                    "parameters": {
                      "entityName": "msdyn_projectteams",
                      "fetchXml": "<fetch top=\"5000\">\n  <entity name=\"msdyn_projectteam\">\n    <all-attributes />\n    <filter>\n      <condition attribute=\"msdyn_project\" operator=\"eq\" value=\"@{outputs('Project')}\" />\n    </filter>\n    <filter>\n      <condition attribute=\"msdyn_bookableresourceidname\" operator=\"eq\" value=\"@{items('Apply_to_each_Resource_Assignment_Staging_row')?['d2d_projectteammember']}\" />\n    </filter>\n  </entity>\n</fetch>"
                    },
                    "authentication": {
                      "type": "Raw",
                      "value": "@json(decodeBase64(triggerOutputs().headers['X-MS-APIM-Tokens']))['$ConnectionKey']"
                    }
                  }
                },
                "List_Project_Tasks": {
                  "runAfter": {
                    "List_Project_Team_Members": [
                      "Succeeded"
                    ]
                  },
                  "metadata": {
                    "operationMetadataId": "76d38207-568a-4482-baad-2df8a479d4f1"
                  },
                  "type": "OpenApiConnection",
                  "inputs": {
                    "host": {
                      "connectionName": "shared_commondataserviceforapps_1",
                      "operationId": "ListRecords",
                      "apiId": "/providers/Microsoft.PowerApps/apis/shared_commondataserviceforapps"
                    },
                    "parameters": {
                      "entityName": "msdyn_projecttasks",
                      "$filter": "_msdyn_project_value eq '@{outputs('Project')}' and msdyn_subject eq '@{items('Apply_to_each_Resource_Assignment_Staging_row')?['d2d_projecttask']}' and msdyn_displaysequence eq @{items('Apply_to_each_Resource_Assignment_Staging_row')?['d2d_projecttaskdisplaysequence']}"
                    },
                    "authentication": {
                      "type": "Raw",
                      "value": "@json(decodeBase64(triggerOutputs().headers['X-MS-APIM-Tokens']))['$ConnectionKey']"
                    }
                  }
                },
                "Call_PssCreateV1_for_Resource_Assignments": {
                  "runAfter": {
                    "List_Project_Tasks": [
                      "Succeeded"
                    ]
                  },
                  "metadata": {
                    "operationMetadataId": "bdaf4c69-395f-46fd-9802-89a4a1a68a42"
                  },
                  "type": "OpenApiConnection",
                  "inputs": {
                    "host": {
                      "connectionName": "shared_commondataserviceforapps_1",
                      "operationId": "PerformUnboundAction",
                      "apiId": "/providers/Microsoft.PowerApps/apis/shared_commondataserviceforapps"
                    },
                    "parameters": {
                      "actionName": "msdyn_PssCreateV1",
                      "item/Entity": {
                        "msdyn_name": "@{items('Apply_to_each_Resource_Assignment_Staging_row')?['d2d_name']}",
                        "@{variables('varOdataType')}": "Microsoft.Dynamics.CRM.msdyn_resourceassignment",
                        "msdyn_projectid@odata.bind": "msdyn_projects(@{outputs('Project')})",
                        "msdyn_projectteamid@odata.bind": "msdyn_projectteams(@{first(body('List_Project_Team_Members')?['value'])?['msdyn_projectteamid']})",
                        "msdyn_taskid@odata.bind": "msdyn_projecttasks(@{first(body('List_Project_Tasks')?['value'])?['msdyn_projecttaskid']})"
                      },
                      "item/OperationSetId": "@outputs('Call_CreateOperationSetV1_for_Resource_Assignments')?['body/OperationSetId']"
                    },
                    "authentication": {
                      "type": "Raw",
                      "value": "@json(decodeBase64(triggerOutputs().headers['X-MS-APIM-Tokens']))['$ConnectionKey']"
                    }
                  },
                  "description": "first(body('List_Project_Team_Members')?['value'])?['msdyn_projectteamid'] // first(body('List_Project_Tasks')?['value'])?['msdyn_projecttaskid']"
                }
              },
              "runAfter": {
                "Call_CreateOperationSetV1_for_Resource_Assignments": [
                  "Succeeded"
                ]
              },
              "metadata": {
                "operationMetadataId": "22e01cc5-7f00-430a-8934-7b04b4079f08"
              },
              "type": "Foreach"
            },
            "Call_CreateOperationSetV1_for_Resource_Assignments": {
              "runAfter": {
                "List_Resource_Assignment_Stagings": [
                  "Succeeded"
                ]
              },
              "metadata": {
                "operationMetadataId": "7fb4e732-3856-4b6c-8999-0bed7e4a1544"
              },
              "type": "OpenApiConnection",
              "inputs": {
                "host": {
                  "connectionName": "shared_commondataserviceforapps_1",
                  "operationId": "PerformUnboundAction",
                  "apiId": "/providers/Microsoft.PowerApps/apis/shared_commondataserviceforapps"
                },
                "parameters": {
                  "actionName": "msdyn_CreateOperationSetV1",
                  "item/ProjectId": "@outputs('Project')",
                  "item/Description": "Operation Set for project copy from P4W to ProjOps. Resource Assignments."
                },
                "authentication": {
                  "type": "Raw",
                  "value": "@json(decodeBase64(triggerOutputs().headers['X-MS-APIM-Tokens']))['$ConnectionKey']"
                }
              }
            },
            "Call_ExecuteOperationSet_for_Resource_Assignments": {
              "runAfter": {
                "Apply_to_each_Resource_Assignment_Staging_row": [
                  "Succeeded"
                ]
              },
              "metadata": {
                "operationMetadataId": "a9fa3e9c-9203-4e7d-8837-28f2531c2d51"
              },
              "type": "OpenApiConnection",
              "inputs": {
                "host": {
                  "connectionName": "shared_commondataserviceforapps_1",
                  "operationId": "PerformUnboundAction",
                  "apiId": "/providers/Microsoft.PowerApps/apis/shared_commondataserviceforapps"
                },
                "parameters": {
                  "actionName": "msdyn_ExecuteOperationSetV1",
                  "item/OperationSetId": "@outputs('Call_CreateOperationSetV1_for_Resource_Assignments')?['body/OperationSetId']"
                },
                "authentication": {
                  "type": "Raw",
                  "value": "@json(decodeBase64(triggerOutputs().headers['X-MS-APIM-Tokens']))['$ConnectionKey']"
                }
              }
            }
          },
          "runAfter": {
            "Project_Team_Members": [
              "Succeeded"
            ]
          },
          "metadata": {
            "operationMetadataId": "626f5dc1-bab6-45cc-9956-33a05e938751"
          },
          "type": "Scope"
        },
        "Project_Team_Members": {
          "actions": {
            "List_Project_Team_Member_Stagings": {
              "runAfter": {},
              "metadata": {
                "operationMetadataId": "bf8ad2b0-0080-4b11-a7f3-c706a87ab475"
              },
              "type": "OpenApiConnection",
              "inputs": {
                "host": {
                  "connectionName": "shared_commondataserviceforapps_1",
                  "operationId": "ListRecords",
                  "apiId": "/providers/Microsoft.PowerApps/apis/shared_commondataserviceforapps"
                },
                "parameters": {
                  "entityName": "d2d_projectteammemberstagings",
                  "$filter": "d2d_project eq '@{outputs('Get_Project_Staging_row')?['body/d2d_name']}' and d2d_bookableresource ne '@{outputs('Get_Project_Staging_row')?['body/d2d_projectmanager']}'"
                },
                "authentication": {
                  "type": "Raw",
                  "value": "@json(decodeBase64(triggerOutputs().headers['X-MS-APIM-Tokens']))['$ConnectionKey']"
                }
              }
            },
            "Apply_to_each_Project_Team_Member_Staging_row": {
              "foreach": "@outputs('List_Project_Team_Member_Stagings')?['body/value']",
              "actions": {
                "List_Bookable_Resource_Categories": {
                  "runAfter": {},
                  "metadata": {
                    "operationMetadataId": "5ee5876e-b2c1-459b-83b0-b177d3e25237"
                  },
                  "type": "OpenApiConnection",
                  "inputs": {
                    "host": {
                      "connectionName": "shared_commondataserviceforapps_1",
                      "operationId": "ListRecords",
                      "apiId": "/providers/Microsoft.PowerApps/apis/shared_commondataserviceforapps"
                    },
                    "parameters": {
                      "entityName": "bookableresourcecategories",
                      "$filter": "name eq '@{items('Apply_to_each_Project_Team_Member_Staging_row')?['d2d_role']}'"
                    },
                    "authentication": {
                      "type": "Raw",
                      "value": "@json(decodeBase64(triggerOutputs().headers['X-MS-APIM-Tokens']))['$ConnectionKey']"
                    }
                  },
                  "description": "List Roles."
                },
                "Call_CreateTeamMember": {
                  "runAfter": {
                    "List_Organizational_Units_for_Bookable_Resources": [
                      "Succeeded"
                    ]
                  },
                  "metadata": {
                    "operationMetadataId": "42d3cb7d-5177-4822-9827-24533392b4ab"
                  },
                  "type": "OpenApiConnection",
                  "inputs": {
                    "host": {
                      "connectionName": "shared_commondataserviceforapps_1",
                      "operationId": "PerformUnboundAction",
                      "apiId": "/providers/Microsoft.PowerApps/apis/shared_commondataserviceforapps"
                    },
                    "parameters": {
                      "actionName": "@trim('msdyn_CreateTeamMemberV1')\r\n",
                      "item": {
                        "TeamMember": {
                          "msdyn_name": "@{items('Apply_to_each_Project_Team_Member_Staging_row')?['d2d_role']}",
                          "msdyn_allocationmethod": 192350000,
                          "msdyn_billingtype": 192350001,
                          "msdyn_project@odata.bind": "msdyn_projects(@{outputs('Project')})",
                          "msdyn_organizationalunit@odata.bind": "msdyn_organizationalunits(@{first(body('List_Organizational_Units_for_Bookable_Resources')?['value'])?['msdyn_organizationalunitid']})",
                          "msdyn_resourcecategory@odata.bind": "bookableresourcecategories(@{first(body('List_Bookable_Resource_Categories')?['value'])?['bookableresourcecategoryid']})",
                          "msdyn_bookableresourceid@odata.bind": "bookableresources(@{first(body('List_Bookable_Resources')?['value'])?['bookableresourceid']})"
                        }
                      }
                    },
                    "authentication": {
                      "type": "Raw",
                      "value": "@json(decodeBase64(triggerOutputs().headers['X-MS-APIM-Tokens']))['$ConnectionKey']"
                    }
                  },
                  "description": "trim('msdyn_CreateTeamMemberV1') // first(body('List_Organizational_Units_for_Bookable_Resources')?['value'])?['msdyn_organizationalunitid'] // first(body('List_Bookable_Resource_Categories')?['value'])?['bookableresourcecategoryid']"
                },
                "List_Bookable_Resources": {
                  "runAfter": {
                    "List_Bookable_Resource_Categories": [
                      "Succeeded"
                    ]
                  },
                  "metadata": {
                    "operationMetadataId": "33ebeab0-52b0-460f-839a-e0b0672da3f1"
                  },
                  "type": "OpenApiConnection",
                  "inputs": {
                    "host": {
                      "connectionName": "shared_commondataserviceforapps_1",
                      "operationId": "ListRecords",
                      "apiId": "/providers/Microsoft.PowerApps/apis/shared_commondataserviceforapps"
                    },
                    "parameters": {
                      "entityName": "bookableresources",
                      "$filter": "name eq '@{items('Apply_to_each_Project_Team_Member_Staging_row')?['d2d_bookableresource']}'"
                    },
                    "authentication": {
                      "type": "Raw",
                      "value": "@json(decodeBase64(triggerOutputs().headers['X-MS-APIM-Tokens']))['$ConnectionKey']"
                    }
                  }
                },
                "List_Organizational_Units_for_Bookable_Resources": {
                  "runAfter": {
                    "List_Bookable_Resources": [
                      "Succeeded"
                    ]
                  },
                  "metadata": {
                    "operationMetadataId": "39b466fa-895b-489f-b14d-9c2b65892504"
                  },
                  "type": "OpenApiConnection",
                  "inputs": {
                    "host": {
                      "connectionName": "shared_commondataserviceforapps_1",
                      "operationId": "ListRecords",
                      "apiId": "/providers/Microsoft.PowerApps/apis/shared_commondataserviceforapps"
                    },
                    "parameters": {
                      "entityName": "msdyn_organizationalunits",
                      "$filter": "msdyn_name eq '@{items('Apply_to_each_Project_Team_Member_Staging_row')?['d2d_organizationalunit']}'"
                    },
                    "authentication": {
                      "type": "Raw",
                      "value": "@json(decodeBase64(triggerOutputs().headers['X-MS-APIM-Tokens']))['$ConnectionKey']"
                    }
                  }
                }
              },
              "runAfter": {
                "List_Project_Team_Member_Stagings": [
                  "Succeeded"
                ]
              },
              "metadata": {
                "operationMetadataId": "a960eb9a-4653-409e-88d8-da689ab29082"
              },
              "type": "Foreach"
            }
          },
          "runAfter": {
            "Create_PTMs_and_RAs": [
              "Succeeded"
            ]
          },
          "metadata": {
            "operationMetadataId": "314e5bb4-b666-43a0-a384-cb83cf6b8bce"
          },
          "type": "Scope"
        },
        "Update_Project_Staging_-_True_side": {
          "runAfter": {
            "Resource_Assignments": [
              "Succeeded"
            ]
          },
          "metadata": {
            "operationMetadataId": "d7ae2888-65fb-41a9-879d-833d05504fd8"
          },
          "type": "OpenApiConnection",
          "inputs": {
            "host": {
              "connectionName": "shared_commondataserviceforapps_1",
              "operationId": "UpdateRecord",
              "apiId": "/providers/Microsoft.PowerApps/apis/shared_commondataserviceforapps"
            },
            "parameters": {
              "entityName": "d2d_projectstagings",
              "recordId": "@outputs('Get_Project_Staging_row')?['body/d2d_projectstagingid']",
              "item/d2d_projectcreatedinprojectoperations": true
            },
            "authentication": {
              "type": "Raw",
              "value": "@json(decodeBase64(triggerOutputs().headers['X-MS-APIM-Tokens']))['$ConnectionKey']"
            }
          }
        },
        "Create_PTMs_and_RAs": {
          "actions": {},
          "runAfter": {
            "Dependencies": [
              "Succeeded"
            ]
          },
          "else": {
            "actions": {
              "Terminate": {
                "runAfter": {
                  "Update_Project_Staging_-_False_side": [
                    "Succeeded"
                  ]
                },
                "metadata": {
                  "operationMetadataId": "03b8a5a1-66b0-4089-89c9-724c750d96dc"
                },
                "type": "Terminate",
                "inputs": {
                  "runStatus": "Succeeded"
                }
              },
              "Update_Project_Staging_-_False_side": {
                "runAfter": {},
                "metadata": {
                  "operationMetadataId": "d7ae2888-65fb-41a9-879d-833d05504fd8"
                },
                "type": "OpenApiConnection",
                "inputs": {
                  "host": {
                    "connectionName": "shared_commondataserviceforapps_1",
                    "operationId": "UpdateRecord",
                    "apiId": "/providers/Microsoft.PowerApps/apis/shared_commondataserviceforapps"
                  },
                  "parameters": {
                    "entityName": "d2d_projectstagings",
                    "recordId": "@outputs('Get_Project_Staging_row')?['body/d2d_projectstagingid']",
                    "item/d2d_projectcreatedinprojectoperations": true
                  },
                  "authentication": {
                    "type": "Raw",
                    "value": "@json(decodeBase64(triggerOutputs().headers['X-MS-APIM-Tokens']))['$ConnectionKey']"
                  }
                }
              }
            }
          },
          "expression": {
            "equals": [
              "@triggerBody()['boolean']",
              "@true"
            ]
          },
          "metadata": {
            "operationMetadataId": "13bae3ce-16b7-4bae-ac62-8366ce9ac49f"
          },
          "type": "If"
        }
      }
    }
  },
  "schemaVersion": "1.0.0.0"
}